508,Mon Dec 07 2020 20:15:56 GMT-0800 (Pacific Standard Time),Thu Dec 10 21,Fri Dec 11 2020 20:15:56 GMT-0800 (Pacific Standard Time),M1252,Thu Dec 10 2020 20:15:56 GMT-0800 (Pacific Standard Time),Mon Dec 21 2020 20:15:56 GMT-0800 (Pacific Standard Time),3,1,0,1174,1,194
40,Fri Dec 11 2020 20:15:56 GMT-0800 (Pacific Standard Time),Sat Dec 12 2020 20:15:56 GMT-0800 (Pacific Standard Time),1,1,0,8559,2,695
60,Fri Dec 11 2020 20:15:56 GMT-0800 (Pacific Standard Time),Sat Dec 12 2020 20:15:56 GMT-0800 (Pacific Standard Time),4,2,1,850,3,870
128,Wed Dec 09 2020 20:15:56 GMT-0800 (Pacific Standard Time),Mon Dec 14 2020 20:15:56 GMT-0800 (Pacific Standard Time),3,1,0,1226,4,608
201,Mon Dec 07 2020 20:15:56 GMT-0800 (Pacific Standard Time),Fri Dec 11 2020 20:15:56 GMT-0800 (Pacific Standard Time),4,3,1,1843,5,418
247,Thu Dec 10 2020 20:15:56 GMT-0800 (Pacific Standard Time),Mon Dec 14 2020 20:15:56 GMT-0800 (Pacific Standard Time),3,1,1,1999,6,269
278,Tue Dec 08 2020 20:15:56 GMT-0800 (Pacific Standard Time),Sat Dec 12 2020 20:15:56 GMT-0800 (Pacific Standard Time),2,3,1,7931,7,777
362,Fri Dec 11 2020 20:15:56 GMT-0800 (Pacific Standard Time),Wed Dec 16 2020 20:15:56 GMT-0800 (Pacific Standard Time),7,1,1,526,8,671
426,Mon Dec 07 2020 20:15:56 GMT-0800 (Pacific Standard Time),Fri Dec 11 2020 20:15:56 GMT-0800 (Pacific Standard Time),3,1,0,1338,9,979
509,Wed Dec 09 2020 20:15:56 GMT-0800 (Pacific Standard Time),Fri Dec 11 2020 20:15:56 GMT-0800 (Pacific Standard Time),11,1,0,3954,10,199
3,Tue Dec 08 2020 20:15:56 GMT-0800 (Pacific Standard Time),Thu Dec 17 2020 20:15:56 GMT-0800 (Pacific Standard Time),2,1,1,4515,1,710
41,Tue Dec 08 2020 20:15:56 GMT-0800 (Pacific Standard Time),Tue Dec 29 2020 20:15:56 GMT-0800 (Pacific Standard Time),1,1,0,909,2,50
61,Mon Dec 07 2020 20:15:56 GMT-0800 (Pacific Standard Time),Sat Dec 19 2020 20:15:56 GMT-0800 (Pacific Standard Time),7,3,1,202,3,719
129,Mon Dec 07 2020 20:15:56 GMT-0800 (Pacific Standard Time),Sun Dec 13 2020 20:15:56 GMT-0800 (Pacific Standard Time),2,1,1,518,4,939
202,Mon Dec 07 2020 20:15:56 GMT-0800 (Pacific Standard Time),Wed Dec 16 2020 20:15:56 GMT-0800 (Pacific Standard Time),7,1,0,1139,5,667
248,Sun Dec 06 2020 20:15:56 GMT-0800 (Pacific Standard Time),Sat Jan 02 2021 20:15:56 GMT-0800 (Pacific Standard Time),2,4,1,1163,6,165
279,Tue Dec 08 2020 20:15:56 GMT-0800 (Pacific Standard Time),Sat Dec 12 2020 20:15:56 GMT-0800 (Pacific Standard Time),4,1,1,3227,7,740
363,Sat Dec 05 2020 20:15:56 GMT-0800 (Pacific Standard Time),Wed Dec 09 2020 20:15:56 GMT-0800 (Pacific Standard Time),5,4,1,1002,8,928
427,Sun Dec 06 2020 20:15:56 GMT-0800 (Pacific Standard Time),Mon Dec 07 2020 20:15:56 GMT-0800 (Pacific Standard Time),2,1,1,2610,9,13
510,Tue Dec 08 2020 20:15:56 GMT-0800 (Pacific Standard Time),Sat Dec 12 2020 20:15:56 GMT-0800 (Pacific Standard Time),9,2,1,926,10,523
4,Fri Dec 11 2020 20:15:56 GMT-0800 (Pacific Standard Time),Sun Dec 27 2020 20:15:56 GMT-0800 (Pacific Standard Time),3,1,0,2716,1,167
42,Wed Dec 09 2020 20:15:56 GMT-0800 (Pacific Standard Time),Fri Dec 25 2020 20:15:56 GMT-0800 (Pacific Standard Time),1,1,0,4309,2,735
62,Wed Dec 09 2020 20:15:56 GMT-0800 (Pacific Standard Time),Fri Dec 11 2020 20:15:56 GMT-0800 (Pacific Standard Time),3,2,1,634,3,652
130,Thu Dec 10 2020 20:15:56 GMT-0800 (Pacific Standard Time),Thu Dec 24 2020 20:15:56 GMT-0800 (Pacific Standard Time),2,1,1,2406,4,246
203,Tue Dec 08 2020 20:15:56 GMT-0800 (Pacific Standard Time),Thu Dec 10 2020 20:15:56 GMT-0800 (Pacific Standard Time),6,1,1,3251,5,555
249,Tue Dec 08 2020 20:15:56 GMT-0800 (Pacific Standard Time),Mon Dec 14 2020 20:15:56 GMT-0800 (Pacific Standard Time),3,1,1,2151,6,492
280,Sat Dec 05 2020 20:15:56 GMT-0800 (Pacific Standard Time),Fri Dec 25 2020 20:15:56 GMT-0800 (Pacific Standard Time),3,3,1,7147,7,737
364,Fri Dec 11 2020 20:15:56 GMT-0800 (Pacific Standard Time),Mon Dec 14 2020 20:15:56 GMT-0800 (Pacific Standard Time),4,3,2,1002,8,258
428,Fri Dec 11 2020 20:15:56 GMT-0800 (Pacific Standard Time),Tue Dec 15 2020 20:15:56 GMT-0800 (Pacific Standard Time),1,2,1,1338,9,588
511,Sun Dec 06 2020 20:15:56 GMT-0800 (Pacific Standard Time),Wed Dec 09 2020 20:15:56 GMT-0800 (Pacific Standard Time),7,1,1,3954,10,535
5,Mon Dec 07 2020 20:15:56 GMT-0800 (Pacific Standard Time),Tue Dec 22 2020 20:15:56 GMT-0800 (Pacific Standard Time),1,2,1,660,1,623
43,Fri Dec 11 2020 20:15:56 GMT-0800 (Pacific Standard Time),Fri Dec 18 2020 20:15:56 GMT-0800 (Pacific Standard Time),1,1,0,2609,2,357
63,Sat Dec 05 2020 20:15:56 GMT-0800 (Pacific Standard Time),Sat Dec 12 2020 20:15:56 GMT-0800 (Pacific Standard Time),3,3,4,364,3,133
131,Tue Dec 08 2020 20:15:56 GMT-0800 (Pacific Standard Time),Sun Dec 13 2020 20:15:56 GMT-0800 (Pacific Standard Time),1,2,1,3350,4,843
204,Wed Dec 09 2020 20:15:56 GMT-0800 (Pacific Standard Time),Tue Dec 15 2020 20:15:56 GMT-0800 (Pacific Standard Time),6,1,1,787,5,833
250,Sat Dec 05 2020 20:15:56 GMT-0800 (Pacific Standard Time),Sun Dec 13 2020 20:15:56 GMT-0800 (Pacific Standard Time),7,1,0,935,6,588
281,Tue Dec 08 2020 20:15:56 GMT-0800 (Pacific Standard Time),Fri Dec 25 2020 20:15:56 GMT-0800 (Pacific Standard Time),6,1,0,2835,7,795
365,Sun Dec 06 2020 20:15:56 GMT-0800 (Pacific Standard Time),Sat Dec 12 2020 20:15:56 GMT-0800 (Pacific Standard Time),5,4,1,1716,8,708
429,Wed Dec 09 2020 20:15:56 GMT-0800 (Pacific Standard Time),Thu Dec 10 2020 20:15:56 GMT-0800 (Pacific Standard Time),1,1,1,2610,9,782
512,Thu Dec 10 2020 20:15:56 GMT-0800 (Pacific Standard Time),Fri Dec 11 2020 20:15:56 GMT-0800 (Pacific Standard Time),10,1,1,2440,10,417
6,Mon Dec 07 2020 20:15:56 GMT-0800 (Pacific Standard Time),Tue Dec 08 2020 20:15:56 GMT-0800 (Pacific Standard Time),1,2,1,1431,1,124
44,Mon Dec 07 2020 20:15:56 GMT-0800 (Pacific Standard Time),Sat Dec 12 2020 20:15:56 GMT-0800 (Pacific Standard Time),1,1,0,1334,2,56
64,Sat Dec 05 2020 20:15:56 GMT-0800 (Pacific Standard Time),Sat Dec 12 2020 20:15:56 GMT-0800 (Pacific Standard Time),9,1,1,850,3,639
132,Fri Dec 11 2020 20:15:56 GMT-0800 (Pacific Standard Time),Mon Dec 21 2020 20:15:56 GMT-0800 (Pacific Standard Time),2,1,1,2406,4,625
205,Sat Dec 05 2020 20:15:56 GMT-0800 (Pacific Standard Time),Fri Dec 11 2020 20:15:56 GMT-0800 (Pacific Standard Time),5,1,1,1843,5,626
251,Thu Dec 10 2020 20:15:56 GMT-0800 (Pacific Standard Time),Fri Jan 01 2021 20:15:56 GMT-0800 (Pacific Standard Time),1,1,4,2227,6,600
282,Sat Dec 05 2020 20:15:56 GMT-0800 (Pacific Standard Time),Fri Dec 18 2020 20:15:56 GMT-0800 (Pacific Standard Time),1,2,2,7931,7,336
366,Wed Dec 09 2020 20:15:56 GMT-0800 (Pacific Standard Time),Tue Dec 15 2020 20:15:56 GMT-0800 (Pacific Standard Time),1,1,7,1002,8,382
430,Fri Dec 11 2020 20:15:56 GMT-0800 (Pacific Standard Time),Wed Dec 16 2020 20:15:56 GMT-0800 (Pacific Standard Time),3,1,0,702,9,493
513,Fri Dec 11 2020 20:15:56 GMT-0800 (Pacific Standard Time),Sat Dec 12 2020 20:15:56 GMT-0800 (Pacific Standard Time),9,2,1,1683,10,670
7,Thu Dec 10 2020 20:15:56 GMT-0800 (Pacific Standard Time),Wed Dec 23 2020 20:15:56 GMT-0800 (Pacific Standard Time),2,1,1,3744,1,752
45,Mon Dec 07 2020 20:15:56 GMT-0800 (Pacific Standard Time),Mon Dec 21 2020 20:15:56 GMT-0800 (Pacific Standard Time),1,1,0,3884,2,721
65,Sat Dec 05 2020 20:15:56 GMT-0800 (Pacific Standard Time),Wed Dec 16 2020 20:15:56 GMT-0800 (Pacific Standard Time),9,2,1,742,3,510
133,Mon Dec 07 2020 20:15:56 GMT-0800 (Pacific Standard Time),Thu Dec 17 2020 20:15:56 GMT-0800 (Pacific Standard Time),3,1,0,3350,4,83
206,Mon Dec 07 2020 20:15:56 GMT-0800 (Pacific Standard Time),Tue Dec 15 2020 20:15:56 GMT-0800 (Pacific Standard Time),1,1,4,1491,5,500
252,Tue Dec 08 2020 20:15:56 GMT-0800 (Pacific Standard Time),Tue Dec 22 2020 20:15:56 GMT-0800 (Pacific Standard Time),3,1,2,175,6,648
283,Wed Dec 09 2020 20:15:56 GMT-0800 (Pacific Standard Time),Sun Dec 13 2020 20:15:56 GMT-0800 (Pacific Standard Time),3,2,1,6363,7,547
367,Wed Dec 09 2020 20:15:56 GMT-0800 (Pacific Standard Time),Thu Dec 17 2020 20:15:56 GMT-0800 (Pacific Standard Time),5,3,1,526,8,485
431,Sun Dec 06 2020 20:15:56 GMT-0800 (Pacific Standard Time),Sat Dec 12 2020 20:15:56 GMT-0800 (Pacific Standard Time),2,1,1,3882,9,110
514,Tue Dec 08 2020 20:15:56 GMT-0800 (Pacific Standard Time),Sat Dec 12 2020 20:15:56 GMT-0800 (Pacific Standard Time),3,3,5,3197,10,949
8,Fri Dec 11 2020 20:15:56 GMT-0800 (Pacific Standard Time),Sun Dec 20 2020 20:15:56 GMT-0800 (Pacific Standard Time),3,1,0,4258,1,871
46,Thu Dec 10 2020 20:15:56 GMT-0800 (Pacific Standard Time),Wed Dec 16 2020 20:15:56 GMT-0800 (Pacific Standard Time),1,1,0,484,2,296
66,Mon Dec 07 2020 20:15:56 GMT-0800 (Pacific Standard Time),Thu Dec 10 2020 20:15:56 GMT-0800 (Pacific Standard Time),2,3,5,634,3,926
134,Sun Dec 06 2020 20:15:56 GMT-0800 (Pacific Standard Time),Sat Dec 12 2020 20:15:56 GMT-0800 (Pacific Standard Time),1,2,1,2642,4,517
207,Sun Dec 06 2020 20:15:56 GMT-0800 (Pacific Standard Time),Tue Dec 08 2020 20:15:56 GMT-0800 (Pacific Standard Time),6,1,1,2899,5,616
253,Sun Dec 06 2020 20:15:56 GMT-0800 (Pacific Standard Time),Mon Dec 07 2020 20:15:56 GMT-0800 (Pacific Standard Time),4,2,1,1619,6,712
284,Sat Dec 05 2020 20:15:56 GMT-0800 (Pacific Standard Time),Fri Dec 11 2020 20:15:56 GMT-0800 (Pacific Standard Time),5,1,1,7931,7,882
368,Fri Dec 11 2020 20:15:56 GMT-0800 (Pacific Standard Time),Mon Dec 14 2020 20:15:56 GMT-0800 (Pacific Standard Time),9,1,0,1002,8,813
432,Sun Dec 06 2020 20:15:56 GMT-0800 (Pacific Standard Time),Wed Dec 09 2020 20:15:56 GMT-0800 (Pacific Standard Time),3,1,0,3882,9,452
515,Tue Dec 08 2020 20:15:56 GMT-0800 (Pacific Standard Time),Thu Dec 10 2020 20:15:56 GMT-0800 (Pacific Standard Time),6,3,1,1683,10,366
9,Fri Dec 11 2020 20:15:56 GMT-0800 (Pacific Standard Time),Sun Dec 20 2020 20:15:56 GMT-0800 (Pacific Standard Time),2,1,1,2459,1,150
47,Thu Dec 10 2020 20:15:56 GMT-0800 (Pacific Standard Time),Tue Dec 29 2020 20:15:56 GMT-0800 (Pacific Standard Time),1,1,0,2184,2,723
67,Wed Dec 09 2020 20:15:56 GMT-0800 (Pacific Standard Time),Tue Dec 15 2020 20:15:56 GMT-0800 (Pacific Standard Time),2,2,3,472,3,516
135,Sun Dec 06 2020 20:15:56 GMT-0800 (Pacific Standard Time),Tue Dec 15 2020 20:15:56 GMT-0800 (Pacific Standard Time),1,1,1,4058,4,713
208,Mon Dec 07 2020 20:15:56 GMT-0800 (Pacific Standard Time),Sat Dec 12 2020 20:15:56 GMT-0800 (Pacific Standard Time),3,2,1,1491,5,535
254,Wed Dec 09 2020 20:15:56 GMT-0800 (Pacific Standard Time),Mon Dec 28 2020 20:15:56 GMT-0800 (Pacific Standard Time),4,1,2,1467,6,416
285,Sun Dec 06 2020 20:15:56 GMT-0800 (Pacific Standard Time),Fri Dec 18 2020 20:15:56 GMT-0800 (Pacific Standard Time),5,1,1,875,7,827
369,Wed Dec 09 2020 20:15:56 GMT-0800 (Pacific Standard Time),Mon Dec 14 2020 20:15:56 GMT-0800 (Pacific Standard Time),5,2,1,764,8,664
433,Wed Dec 09 2020 20:15:56 GMT-0800 (Pacific Standard Time),Thu Dec 10 2020 20:15:56 GMT-0800 (Pacific Standard Time),1,1,1,2610,9,935
516,Wed Dec 09 2020 20:15:56 GMT-0800 (Pacific Standard Time),Fri Dec 11 2020 20:15:56 GMT-0800 (Pacific Standard Time),6,2,1,926,10,487
10,Sun Dec 06 2020 20:15:56 GMT-0800 (Pacific Standard Time),Fri Dec 18 2020 20:15:56 GMT-0800 (Pacific Standard Time),1,2,1,2202,1,445
48,Thu Dec 10 2020 20:15:56 GMT-0800 (Pacific Standard Time),Tue Dec 29 2020 20:15:56 GMT-0800 (Pacific Standard Time),1,1,0,5159,2,541
68,Mon Dec 07 2020 20:15:56 GMT-0800 (Pacific Standard Time),Mon Dec 21 2020 20:15:56 GMT-0800 (Pacific Standard Time),9,2,1,202,3,679
136,Wed Dec 09 2020 20:15:56 GMT-0800 (Pacific Standard Time),Tue Dec 15 2020 20:15:56 GMT-0800 (Pacific Standard Time),1,1,1,1226,4,62
209,Fri Dec 11 2020 20:15:56 GMT-0800 (Pacific Standard Time),Sun Dec 20 2020 20:15:56 GMT-0800 (Pacific Standard Time),5,1,1,3251,5,66
255,Wed Dec 09 2020 20:15:56 GMT-0800 (Pacific Standard Time),Thu Dec 31 2020 20:15:56 GMT-0800 (Pacific Standard Time),1,1,3,251,6,227
286,Tue Dec 08 2020 20:15:56 GMT-0800 (Pacific Standard Time),Wed Dec 23 2020 20:15:56 GMT-0800 (Pacific Standard Time),5,1,1,4403,7,892
370,Tue Dec 08 2020 20:15:56 GMT-0800 (Pacific Standard Time),Wed Dec 16 2020 20:15:56 GMT-0800 (Pacific Standard Time),9,1,0,1478,8,170
434,Sat Dec 05 2020 20:15:56 GMT-0800 (Pacific Standard Time),Thu Dec 10 2020 20:15:56 GMT-0800 (Pacific Standard Time),3,1,0,702,9,559
517,Thu Dec 10 2020 20:15:56 GMT-0800 (Pacific Standard Time),Mon Dec 14 2020 20:15:56 GMT-0800 (Pacific Standard Time),8,1,1,1683,10,332
11,Wed Dec 09 2020 20:15:56 GMT-0800 (Pacific Standard Time),Wed Dec 16 2020 20:15:56 GMT-0800 (Pacific Standard Time),1,2,1,5800,1,969
49,Sun Dec 06 2020 20:15:56 GMT-0800 (Pacific Standard Time),Sat Dec 19 2020 20:15:56 GMT-0800 (Pacific Standard Time),1,1,0,7284,2,455
69,Fri Dec 11 2020 20:15:56 GMT-0800 (Pacific Standard Time),Fri Dec 18 2020 20:15:56 GMT-0800 (Pacific Standard Time),11,1,0,472,3,164
137,Sat Dec 05 2020 20:15:56 GMT-0800 (Pacific Standard Time),Sun Dec 20 2020 20:15:56 GMT-0800 (Pacific Standard Time),3,1,0,3822,4,787
210,Thu Dec 10 2020 20:15:56 GMT-0800 (Pacific Standard Time),Fri Dec 18 2020 20:15:56 GMT-0800 (Pacific Standard Time),4,1,2,2195,5,648
256,Wed Dec 09 2020 20:15:56 GMT-0800 (Pacific Standard Time),Mon Dec 21 2020 20:15:56 GMT-0800 (Pacific Standard Time),3,2,2,1087,6,649
287,Wed Dec 09 2020 20:15:56 GMT-0800 (Pacific Standard Time),Sat Dec 19 2020 20:15:56 GMT-0800 (Pacific Standard Time),3,1,1,3227,7,289
371,Thu Dec 10 2020 20:15:56 GMT-0800 (Pacific Standard Time),Thu Dec 17 2020 20:15:56 GMT-0800 (Pacific Standard Time),7,1,1,288,8,419
435,Fri Dec 11 2020 20:15:56 GMT-0800 (Pacific Standard Time),Sun Dec 13 2020 20:15:56 GMT-0800 (Pacific Standard Time),2,1,1,702,9,870
518,Wed Dec 09 2020 20:15:56 GMT-0800 (Pacific Standard Time),Thu Dec 10 2020 20:15:56 GMT-0800 (Pacific Standard Time),7,3,1,4711,10,906
12,Mon Dec 07 2020 20:15:56 GMT-0800 (Pacific Standard Time),Fri Dec 25 2020 20:15:56 GMT-0800 (Pacific Standard Time),3,1,0,3487,1,125
50,Wed Dec 09 2020 20:15:56 GMT-0800 (Pacific Standard Time),Mon Dec 14 2020 20:15:56 GMT-0800 (Pacific Standard Time),1,1,0,8984,2,483
70,Fri Dec 11 2020 20:15:56 GMT-0800 (Pacific Standard Time),Sun Dec 13 2020 20:15:56 GMT-0800 (Pacific Standard Time),1,8,2,796,3,486
138,Mon Dec 07 2020 20:15:56 GMT-0800 (Pacific Standard Time),Thu Dec 10 2020 20:15:56 GMT-0800 (Pacific Standard Time),3,1,0,1698,4,421
211,Thu Dec 10 2020 20:15:56 GMT-0800 (Pacific Standard Time),Sat Dec 12 2020 20:15:56 GMT-0800 (Pacific Standard Time),1,3,1,1843,5,569
257,Mon Dec 07 2020 20:15:56 GMT-0800 (Pacific Standard Time),Thu Dec 24 2020 20:15:56 GMT-0800 (Pacific Standard Time),1,1,5,859,6,643
288,Mon Dec 07 2020 20:15:56 GMT-0800 (Pacific Standard Time),Fri Dec 11 2020 20:15:56 GMT-0800 (Pacific Standard Time),3,1,1,4795,7,652
372,Mon Dec 07 2020 20:15:56 GMT-0800 (Pacific Standard Time),Wed Dec 09 2020 20:15:56 GMT-0800 (Pacific Standard Time),6,2,1,288,8,398
436,Wed Dec 09 2020 20:15:56 GMT-0800 (Pacific Standard Time),Fri Dec 11 2020 20:15:56 GMT-0800 (Pacific Standard Time),2,1,1,3882,9,527
519,Mon Dec 07 2020 20:15:56 GMT-0800 (Pacific Standard Time),Sat Dec 12 2020 20:15:56 GMT-0800 (Pacific Standard Time),6,4,1,1683,10,596
13,Sun Dec 06 2020 20:15:56 GMT-0800 (Pacific Standard Time),Wed Dec 16 2020 20:15:56 GMT-0800 (Pacific Standard Time),3,1,0,5543,1,227
51,Mon Dec 07 2020 20:15:56 GMT-0800 (Pacific Standard Time),Tue Dec 15 2020 20:15:56 GMT-0800 (Pacific Standard Time),1,1,0,1334,2,470
71,Sun Dec 06 2020 20:15:56 GMT-0800 (Pacific Standard Time),Mon Dec 14 2020 20:15:56 GMT-0800 (Pacific Standard Time),2,7,1,580,3,197
139,Wed Dec 09 2020 20:15:56 GMT-0800 (Pacific Standard Time),Sun Dec 13 2020 20:15:56 GMT-0800 (Pacific Standard Time),1,2,1,3350,4,687
212,Wed Dec 09 2020 20:15:56 GMT-0800 (Pacific Standard Time),Sat Dec 12 2020 20:15:56 GMT-0800 (Pacific Standard Time),7,1,0,787,5,252
258,Mon Dec 07 2020 20:15:56 GMT-0800 (Pacific Standard Time),Mon Dec 28 2020 20:15:56 GMT-0800 (Pacific Standard Time),2,5,1,783,6,220
289,Tue Dec 08 2020 20:15:56 GMT-0800 (Pacific Standard Time),Sat Dec 19 2020 20:15:56 GMT-0800 (Pacific Standard Time),1,4,1,5971,7,682
373,Fri Dec 11 2020 20:15:56 GMT-0800 (Pacific Standard Time),Tue Dec 15 2020 20:15:56 GMT-0800 (Pacific Standard Time),4,4,1,526,8,551
437,Mon Dec 07 2020 20:15:56 GMT-0800 (Pacific Standard Time),Sun Dec 13 2020 20:15:56 GMT-0800 (Pacific Standard Time),3,1,0,1338,9,6
520,Fri Dec 11 2020 20:15:56 GMT-0800 (Pacific Standard Time),Wed Dec 16 2020 20:15:56 GMT-0800 (Pacific Standard Time),7,4,1,1683,10,716
14,Sun Dec 06 2020 20:15:56 GMT-0800 (Pacific Standard Time),Sat Dec 19 2020 20:15:56 GMT-0800 (Pacific Standard Time),2,1,1,2716,1,795
52,Sat Dec 05 2020 20:15:56 GMT-0800 (Pacific Standard Time),Sat Dec 12 2020 20:15:56 GMT-0800 (Pacific Standard Time),1,1,0,7284,2,557
72212,Wed Dec 09 2020 20:15:56 GMT-0800 (Pacific Standard Time),Sat Dec 12 2020 20:15:56 GMT-0800 (Pacific Standard Time),7,1,0,787,5,252
258,Mon Dec 07 2020 20:15:56 GMT-0800 (Pacific Standard Time),Mon Dec 28 2020 20:15:56 GMT-0800 (Pacific Standard Time),2,5,1,783,6,220
289,Tue Dec 08 2020 20:15:56 GMT-0800 (Pacific Standard Time),Sat Dec 19 2020 20:15:56 GMT-0800 (Pacific Standard Time),1,4,1,5971,7,682
373,Fri Dec 11 2020 20:15:56 GMT-0800 (Pacific Standard Time),Tue Dec 15 2020 20:15:56 GMT-0800 (Pacific Standard Time),4,4,1,526,8,551
437,Mon Dec 07 2020 20:15:56 GMT-0800 (Pacific Standard Time),Sun Dec 13 2020 20:15:56 GMT-0800 (Pacific Standard Time),3,1,0,1338,9,6
520,Fri Dec 11 2020 20:15:56 GMT-0800 (Pacific Standard Time),Wed Dec 16 2020 20:15:56 GMT-0800 (Pacific Standard Time),7,4,1,1683,10,716
14,Sun Dec 06 2020 20:15:56 GMT-0800 (Pacific Standard Time),Sat Dec 19 2020 20:15:56 GMT-0800 (Pacific Standard Time),2,1,1,2716,1,795
52,Sat Dec 05 2020 20:15:56 GMT-0800 (Pacific Standard Time),Sat Dec 12 2020 20:15:56 GMT-0800 (Pacific Standard Time),1,1,0,7284,2,557
72,Wed Dec 09 2020 20:15:56 GMT-0800 (Pacific Standard Time),Sun Dec 20 2020 20:15:56 GMT-0800 (Pacific Standard Time),2,8,1,742,3,762
140,Mon Dec 07 2020 20:15:56 GMT-0800 (Pacific Standard Time),Sun Dec 13 2020 20:15:56 GMT-0800 (Pacific Standard Time),2,1,1,3350,4,257
213,Thu Dec 10 2020 20:15:56 GMT-0800 (Pacific Standard Time),Sun Dec 13 2020 20:15:56 GMT-0800 (Pacific Standard Time),4,1,1,1491,5,53
259,Mon Dec 07 2020 20:15:56 GMT-0800 (Pacific Standard Time),Sun Dec 20 2020 20:15:56 GMT-0800 (Pacific Standard Time),1,1,5,1239,6,904
290,Wed Dec 09 2020 20:15:56 GMT-0800 (Pacific Standard Time),Thu Dec 24 2020 20:15:56 GMT-0800 (Pacific Standard Time),1,2,1,2835,7,640
374,Thu Dec 10 2020 20:15:56 GMT-0800 (Pacific Standard Time),Wed Dec 16 2020 20:15:56 GMT-0800 (Pacific Standard Time),7,2,1,764,8,740
438,Fri Dec 11 2020 20:15:56 GMT-0800 (Pacific Standard Time),Thu Dec 17 2020 20:15:56 GMT-0800 (Pacific Standard Time),3,1,0,1338,9,718
521,Fri Dec 11 2020 20:15:56 GMT-0800 (Pacific Standard Time),Tue Dec 15 2020 20:15:56 GMT-0800 (Pacific Standard Time),4,2,2,926,10,865
15,Sun Dec 06 2020 20:15:56 GMT-0800 (Pacific Standard Time),Sat Dec 12 2020 20:15:56 GMT-0800 (Pacific Standard Time),2,1,1,1431,1,723
53,Sat Dec 05 2020 20:15:56 GMT-0800 (Pacific Standard Time),Sun Dec 13 2020 20:15:56 GMT-0800 (Pacific Standard Time),1,1,0,2609,2,51
73,Wed Dec 09 2020 20:15:56 GMT-0800 (Pacific Standard Time),Sun Dec 20 2020 20:15:56 GMT-0800 (Pacific Standard Time),5,4,2,202,3,972
141,Fri Dec 11 2020 20:15:56 GMT-0800 (Pacific Standard Time),Mon Dec 14 2020 20:15:56 GMT-0800 (Pacific Standard Time),3,1,0,3350,4,105
214,Sun Dec 06 2020 20:15:56 GMT-0800 (Pacific Standard Time),Mon Dec 07 2020 20:15:56 GMT-0800 (Pacific Standard Time),2,2,2,787,5,28
260,Tue Dec 08 2020 20:15:56 GMT-0800 (Pacific Standard Time),Fri Dec 25 2020 20:15:56 GMT-0800 (Pacific Standard Time),2,1,4,327,6,619
291,Wed Dec 09 2020 20:15:56 GMT-0800 (Pacific Standard Time),Tue Dec 29 2020 20:15:56 GMT-0800 (Pacific Standard Time),2,2,1,5579,7,265
375,Sun Dec 06 2020 20:15:56 GMT-0800 (Pacific Standard Time),Sat Dec 12 2020 20:15:56 GMT-0800 (Pacific Standard Time),6,1,1,526,8,523
439,Tue Dec 08 2020 20:15:56 GMT-0800 (Pacific Standard Time),Sat Dec 12 2020 20:15:56 GMT-0800 (Pacific Standard Time),1,2,1,3882,9,974
522,Sun Dec 06 2020 20:15:56 GMT-0800 (Pacific Standard Time),Fri Dec 11 2020 20:15:56 GMT-0800 (Pacific Standard Time),4,4,1,3954,10,124
16,Mon Dec 07 2020 20:15:56 GMT-0800 (Pacific Standard Time),Fri Dec 25 2020 20:15:56 GMT-0800 (Pacific Standard Time),2,1,1,403,1,825
54,Sat Dec 05 2020 20:15:56 GMT-0800 (Pacific Standard Time),Thu Dec 17 2020 20:15:56 GMT-0800 (Pacific Standard Time),1,1,0,4734,2,855
74,Sun Dec 06 2020 20:15:56 GMT-0800 (Pacific Standard Time),Tue Dec 08 2020 20:15:56 GMT-0800 (Pacific Standard Time),5,5,1,472,3,272
142,Thu Dec 10 2020 20:15:56 GMT-0800 (Pacific Standard Time),Wed Dec 30 2020 20:15:56 GMT-0800 (Pacific Standard Time),2,1,1,1226,4,631
215,Mon Dec 07 2020 20:15:56 GMT-0800 (Pacific Standard Time),Tue Dec 08 2020 20:15:56 GMT-0800 (Pacific Standard Time),4,2,1,1843,5,498
261,Mon Dec 07 2020 20:15:56 GMT-0800 (Pacific Standard Time),Sun Dec 13 2020 20:15:56 GMT-0800 (Pacific Standard Time),1,1,5,2075,6,696
292,Tue Dec 08 2020 20:15:56 GMT-0800 (Pacific Standard Time),Sun Dec 27 2020 20:15:56 GMT-0800 (Pacific Standard Time),6,1,0,7147,7,526
376,Mon Dec 07 2020 20:15:56 GMT-0800 (Pacific Standard Time),Fri Dec 11 2020 20:15:56 GMT-0800 (Pacific Standard Time),1,2,4,526,8,426
440,Fri Dec 11 2020 20:15:56 GMT-0800 (Pacific Standard Time),Sat Dec 12 2020 20:15:56 GMT-0800 (Pacific Standard Time),1,2,1,3246,9,293
523,Fri Dec 11 2020 20:15:56 GMT-0800 (Pacific Standard Time),Sat Dec 12 2020 20:15:56 GMT-0800 (Pacific Standard Time),8,3,1,2440,10,658
17,Wed Dec 09 2020 20:15:56 GMT-0800 (Pacific Standard Time),Fri Dec 18 2020 20:15:56 GMT-0800 (Pacific Standard Time),2,1,1,3487,1,868
55,Sat Dec 05 2020 20:15:56 GMT-0800 (Pacific Standard Time),Thu Dec 10 2020 20:15:56 GMT-0800 (Pacific Standard Time),1,1,0,4309,2,172
75,Sun Dec 06 2020 20:15:56 GMT-0800 (Pacific Standard Time),Thu Dec 10 2020 20:15:56 GMT-0800 (Pacific Standard Time),3,7,1,688,3,673
143,Thu Dec 10 2020 20:15:56 GMT-0800 (Pacific Standard Time),Fri Dec 18 2020 20:15:56 GMT-0800 (Pacific Standard Time),2,1,1,2642,4,474
216,Wed Dec 09 2020 20:15:56 GMT-0800 (Pacific Standard Time),Tue Dec 15 2020 20:15:56 GMT-0800 (Pacific Standard Time),6,1,1,787,5,668
262,Tue Dec 08 2020 20:15:56 GMT-0800 (Pacific Standard Time),Sun Jan 03 2021 20:15:56 GMT-0800 (Pacific Standard Time),7,1,0,1163,6,680
293,Wed Dec 09 2020 20:15:56 GMT-0800 (Pacific Standard Time),Tue Dec 22 2020 20:15:56 GMT-0800 (Pacific Standard Time),1,3,1,6755,7,892
377,Sat Dec 05 2020 20:15:56 GMT-0800 (Pacific Standard Time),Fri Dec 11 2020 20:15:56 GMT-0800 (Pacific Standard Time),6,3,1,1716,8,163
441,Thu Dec 10 2020 20:15:56 GMT-0800 (Pacific Standard Time),Tue Dec 15 2020 20:15:56 GMT-0800 (Pacific Standard Time),1,1,1,2610,9,12
524,Thu Dec 10 2020 20:15:56 GMT-0800 (Pacific Standard Time),Mon Dec 14 2020 20:15:56 GMT-0800 (Pacific Standard Time),9,1,1,4711,10,505
18,Thu Dec 10 2020 20:15:56 GMT-0800 (Pacific Standard Time),Thu Dec 24 2020 20:15:56 GMT-0800 (Pacific Standard Time),1,2,1,2973,1,802
56,Thu Dec 10 2020 20:15:56 GMT-0800 (Pacific Standard Time),Mon Dec 28 2020 20:15:56 GMT-0800 (Pacific Standard Time),1,1,0,6434,2,930
76,Tue Dec 08 2020 20:15:56 GMT-0800 (Pacific Standard Time),Wed Dec 16 2020 20:15:56 GMT-0800 (Pacific Standard Time),3,8,1,526,3,913
144,Mon Dec 07 2020 20:15:56 GMT-0800 (Pacific Standard Time),Tue Dec 15 2020 20:15:56 GMT-0800 (Pacific Standard Time),1,2,1,3350,4,381
217,Sun Dec 06 2020 20:15:56 GMT-0800 (Pacific Standard Time),Wed Dec 09 2020 20:15:56 GMT-0800 (Pacific Standard Time),7,1,0,2195,5,93
263,Sat Dec 05 2020 20:15:56 GMT-0800 (Pacific Standard Time),Wed Dec 16 2020 20:15:56 GMT-0800 (Pacific Standard Time),1,2,1,1391,6,916
294,Wed Dec 09 2020 20:15:56 GMT-0800 (Pacific Standard Time),Wed Dec 23 2020 20:15:56 GMT-0800 (Pacific Standard Time),3,2,1,3227,7,349
378,Mon Dec 07 2020 20:15:56 GMT-0800 (Pacific Standard Time),Tue Dec 15 2020 20:15:56 GMT-0800 (Pacific Standard Time),5,2,2,1954,8,680
442,Sun Dec 06 2020 20:15:56 GMT-0800 (Pacific Standard Time),Thu Dec 10 2020 20:15:56 GMT-0800 (Pacific Standard Time),2,1,1,1338,9,782
525,Mon Dec 07 2020 20:15:56 GMT-0800 (Pacific Standard Time),Tue Dec 08 2020 20:15:56 GMT-0800 (Pacific Standard Time),3,1,3,3954,10,582
19,Wed Dec 09 2020 20:15:56 GMT-0800 (Pacific Standard Time),Fri Dec 25 2020 20:15:56 GMT-0800 (Pacific Standard Time),2,1,1,1174,1,766
57,Wed Dec 09 2020 20:15:56 GMT-0800 (Pacific Standard Time),Wed Dec 23 2020 20:15:56 GMT-0800 (Pacific Standard Time),1,1,0,6859,2,811
77,Tue Dec 08 2020 20:15:56 GMT-0800 (Pacific Standard Time),Sun Dec 20 2020 20:15:56 GMT-0800 (Pacific Standard Time),10,1,1,364,3,463
145,Sat Dec 05 2020 20:15:56 GMT-0800 (Pacific Standard Time),Mon Dec 07 2020 20:15:56 GMT-0800 (Pacific Standard Time),3,1,0,1226,4,825
218,Tue Dec 08 2020 20:15:56 GMT-0800 (Pacific Standard Time),Tue Dec 15 2020 20:15:56 GMT-0800 (Pacific Standard Time),1,6,1,2195,5,992
264,Sun Dec 06 2020 20:15:56 GMT-0800 (Pacific Standard Time),Wed Dec 09 2020 20:15:56 GMT-0800 (Pacific Standard Time),4,2,1,1543,6,362
295,Fri Dec 11 2020 20:15:56 GMT-0800 (Pacific Standard Time),Thu Dec 24 2020 20:15:56 GMT-0800 (Pacific Standard Time),6,1,0,2443,7,630
379,Wed Dec 09 2020 20:15:56 GMT-0800 (Pacific Standard Time),Thu Dec 10 2020 20:15:56 GMT-0800 (Pacific Standard Time),3,1,2,526,8,456
443,Tue Dec 08 2020 20:15:56 GMT-0800 (Pacific Standard Time),Sat Dec 12 2020 20:15:56 GMT-0800 (Pacific Standard Time),1,1,1,3246,9,289
526,Sat Dec 05 2020 20:15:56 GMT-0800 (Pacific Standard Time),Mon Dec 07 2020 20:15:56 GMT-0800 (Pacific Standard Time),2,9,1,926,10,714
20,Wed Dec 09 2020 20:15:56 GMT-0800 (Pacific Standard Time),Mon Dec 14 2020 20:15:56 GMT-0800 (Pacific Standard Time),2,1,1,3744,1,84
58,Thu Dec 10 2020 20:15:56 GMT-0800 (Pacific Standard Time),Thu Dec 31 2020 20:15:56 GMT-0800 (Pacific Standard Time),1,1,0,5584,2,368
78,Fri Dec 11 2020 20:15:56 GMT-0800 (Pacific Standard Time),Sat Dec 12 2020 20:15:56 GMT-0800 (Pacific Standard Time),1,3,3,202,3,641
146,Mon Dec 07 2020 20:15:56 GMT-0800 (Pacific Standard Time),Wed Dec 23 2020 20:15:56 GMT-0800 (Pacific Standard Time),1,2,1,1226,4,243
219,Sat Dec 05 2020 20:15:56 GMT-0800 (Pacific Standard Time),Mon Dec 14 2020 20:15:56 GMT-0800 (Pacific Standard Time),2,1,4,2195,5,637
265,Thu Dec 10 2020 20:15:56 GMT-0800 (Pacific Standard Time),Tue Dec 29 2020 20:15:56 GMT-0800 (Pacific Standard Time),3,1,3,631,6,469
296,Tue Dec 08 2020 20:15:56 GMT-0800 (Pacific Standard Time),Mon Dec 21 2020 20:15:56 GMT-0800 (Pacific Standard Time),5,1,1,4795,7,364
380,Tue Dec 08 2020 20:15:56 GMT-0800 (Pacific Standard Time),Sat Dec 12 2020 20:15:56 GMT-0800 (Pacific Standard Time),8,1,1,1002,8,771
444,Fri Dec 11 2020 20:15:56 GMT-0800 (Pacific Standard Time),Sun Dec 13 2020 20:15:56 GMT-0800 (Pacific Standard Time),1,2,1,2610,9,687
527,Sat Dec 05 2020 20:15:56 GMT-0800 (Pacific Standard Time),Thu Dec 10 2020 20:15:56 GMT-0800 (Pacific Standard Time),8,3,1,926,10,188
21,Wed Dec 09 2020 20:15:56 GMT-0800 (Pacific Standard Time),Sat Dec 26 2020 20:15:56 GMT-0800 (Pacific Standard Time),1,2,1,917,1,707
59,Mon Dec 07 2020 20:15:56 GMT-0800 (Pacific Standard Time),Thu Dec 10 2020 20:15:56 GMT-0800 (Pacific Standard Time),1,1,0,1334,2,81
79,Fri Dec 11 2020 20:15:56 GMT-0800 (Pacific Standard Time),Wed Dec 16 2020 20:15:56 GMT-0800 (Pacific Standard Time),3,8,1,364,3,27
147,Sat Dec 05 2020 20:15:56 GMT-0800 (Pacific Standard Time),Tue Dec 22 2020 20:15:56 GMT-0800 (Pacific Standard Time),1,2,1,2406,4,147
220,Sun Dec 06 2020 20:15:56 GMT-0800 (Pacific Standard Time),Thu Dec 10 2020 20:15:56 GMT-0800 (Pacific Standard Time),7,1,0,1491,5,771
266,Wed Dec 09 2020 20:15:56 GMT-0800 (Pacific Standard Time),Fri Dec 18 2020 20:15:56 GMT-0800 (Pacific Standard Time),3,3,1,935,6,782
297,Mon Dec 07 2020 20:15:56 GMT-0800 (Pacific Standard Time),Tue Dec 08 2020 20:15:56 GMT-0800 (Pacific Standard Time),6,1,0,4403,7,177
381,Sat Dec 05 2020 20:15:56 GMT-0800 (Pacific Standard Time),Thu Dec 10 2020 20:15:56 GMT-0800 (Pacific Standard Time),8,1,1,764,8,454
445,Sun Dec 06 2020 20:15:56 GMT-0800 (Pacific Standard Time),Tue Dec 08 2020 20:15:56 GMT-0800 (Pacific Standard Time),1,1,1,3246,9,102
528,Tue Dec 08 2020 20:15:56 GMT-0800 (Pacific Standard Time),Wed Dec 09 2020 20:15:56 GMT-0800 (Pacific Standard Time),3,3,5,3954,10,770
22,Sun Dec 06 2020 20:15:56 GMT-0800 (Pacific Standard Time),Sat Dec 12 2020 20:15:56 GMT-0800 (Pacific Standard Time),3,1,0,5029,1,873
80,Sun Dec 06 2020 20:15:56 GMT-0800 (Pacific Standard Time),Mon Dec 14 2020 20:15:56 GMT-0800 (Pacific Standard Time),10,1,1,418,3,25
148,Sat Dec 05 2020 20:15:56 GMT-0800 (Pacific Standard Time),Sat Dec 19 2020 20:15:56 GMT-0800 (Pacific Standard Time),3,1,0,2406,4,592
221,Sat Dec 05 2020 20:15:56 GMT-0800 (Pacific Standard Time),Sun Dec 06 2020 20:15:56 GMT-0800 (Pacific Standard Time),3,1,1,2547,5,221
267,Sun Dec 06 2020 20:15:56 GMT-0800 (Pacific Standard Time),Thu Dec 10 2020 20:15:56 GMT-0800 (Pacific Standard Time),2,3,2,1467,6,639
298,Fri Dec 11 2020 20:15:56 GMT-0800 (Pacific Standard Time),Mon Dec 21 2020 20:15:56 GMT-0800 (Pacific Standard Time),2,1,2,4403,7,589
382,Thu Dec 10 2020 20:15:56 GMT-0800 (Pacific Standard Time),Fri Dec 11 2020 20:15:56 GMT-0800 (Pacific Standard Time),4,4,1,288,8,107
446,Wed Dec 09 2020 20:15:56 GMT-0800 (Pacific Standard Time),Fri Dec 11 2020 20:15:56 GMT-0800 (Pacific Standard Time),1,1,1,3882,9,718
529,Wed Dec 09 2020 20:15:56 GMT-0800 (Pacific Standard Time),Sat Dec 12 2020 20:15:56 GMT-0800 (Pacific Standard Time),9,1,1,3954,10,641
23,Sat Dec 05 2020 20:15:56 GMT-0800 (Pacific Standard Time),Mon Dec 14 2020 20:15:56 GMT-0800 (Pacific Standard Time),1,2,1,2202,1,318
81,Sun Dec 06 2020 20:15:56 GMT-0800 (Pacific Standard Time),Wed Dec 09 2020 20:15:56 GMT-0800 (Pacific Standard Time),10,1,1,310,3,761
149,Fri Dec 11 2020 20:15:56 GMT-0800 (Pacific Standard Time),Sat Dec 19 2020 20:15:56 GMT-0800 (Pacific Standard Time),3,1,0,1934,4,994
222,Mon Dec 07 2020 20:15:56 GMT-0800 (Pacific Standard Time),Thu Dec 10 2020 20:15:56 GMT-0800 (Pacific Standard Time),2,4,1,1843,5,396
268,Sat Dec 05 2020 20:15:56 GMT-0800 (Pacific Standard Time),Wed Dec 16 2020 20:15:56 GMT-0800 (Pacific Standard Time),7,1,0,1923,6,834
299,Thu Dec 10 2020 20:15:56 GMT-0800 (Pacific Standard Time),Mon Dec 21 2020 20:15:56 GMT-0800 (Pacific Standard Time),5,1,1,6363,7,624
383,Wed Dec 09 2020 20:15:56 GMT-0800 (Pacific Standard Time),Sat Dec 12 2020 20:15:56 GMT-0800 (Pacific Standard Time),5,4,1,1954,8,485
447,Fri Dec 11 2020 20:15:56 GMT-0800 (Pacific Standard Time),Mon Dec 14 2020 20:15:56 GMT-0800 (Pacific Standard Time),1,1,1,3882,9,664
530,Wed Dec 09 2020 20:15:56 GMT-0800 (Pacific Standard Time),Thu Dec 10 2020 20:15:56 GMT-0800 (Pacific Standard Time),5,1,1,3197,10,242
24,Wed Dec 09 2020 20:15:56 GMT-0800 (Pacific Standard Time),Sun Dec 20 2020 20:15:56 GMT-0800 (Pacific Standard Time),1,2,1,3744,1,185
82,Fri Dec 11 2020 20:15:56 GMT-0800 (Pacific Standard Time),Wed Dec 23 2020 20:15:56 GMT-0800 (Pacific Standard Time),11,1,0,418,3,251
150,Sat Dec 05 2020 20:15:56 GMT-0800 (Pacific Standard Time),Sat Dec 19 2020 20:15:56 GMT-0800 (Pacific Standard Time),1,2,1,3114,4,446
223,Sat Dec 05 2020 20:15:56 GMT-0800 (Pacific Standard Time),Fri Dec 11 2020 20:15:56 GMT-0800 (Pacific Standard Time),1,1,5,1491,5,514
269,Thu Dec 10 2020 20:15:56 GMT-0800 (Pacific Standard Time),Fri Dec 18 2020 20:15:56 GMT-0800 (Pacific Standard Time),7,1,0,555,6,950
270,Thu Dec 10 2020 20:15:56 GMT-0800 (Pacific Standard Time),Mon Dec 14 2020 20:15:56 GMT-0800 (Pacific Standard Time),1,2,4,1239,6,687
301,Thu Dec 10 2020 20:15:56 GMT-0800 (Pacific Standard Time),Fri Dec 18 2020 20:15:56 GMT-0800 (Pacific Standard Time),6,1,0,875,7,707
385,Sat Dec 05 2020 20:15:56 GMT-0800 (Pacific Standard Time),Sat Dec 12 2020 20:15:56 GMT-0800 (Pacific Standard Time),3,1,2,764,8,756
449,Fri Dec 11 2020 20:15:56 GMT-0800 (Pacific Standard Time),Sun Dec 13 2020 20:15:56 GMT-0800 (Pacific Standard Time),3,1,0,1974,9,308
532,Sat Dec 05 2020 20:15:56 GMT-0800 (Pacific Standard Time),Fri Dec 11 2020 20:15:56 GMT-0800 (Pacific Standard Time),8,3,1,3197,10,920
26,Thu Dec 10 2020 20:15:56 GMT-0800 (Pacific Standard Time),Sat Dec 19 2020 20:15:56 GMT-0800 (Pacific Standard Time),2,1,1,5286,1,550
84,Sat Dec 05 2020 20:15:56 GMT-0800 (Pacific Standard Time),Wed Dec 16 2020 20:15:56 GMT-0800 (Pacific Standard Time),7,3,1,310,3,581
152,Sun Dec 06 2020 20:15:56 GMT-0800 (Pacific Standard Time),Mon Dec 07 2020 20:15:56 GMT-0800 (Pacific Standard Time),1,1,1,3586,4,239
225,Mon Dec 07 2020 20:15:56 GMT-0800 (Pacific Standard Time),Fri Dec 11 2020 20:15:56 GMT-0800 (Pacific Standard Time),3,2,2,2547,5,547
271,Thu Dec 10 2020 20:15:56 GMT-0800 (Pacific Standard Time),Sun Dec 13 2020 20:15:56 GMT-0800 (Pacific Standard Time),5,2,1,1923,6,63
302,Sat Dec 05 2020 20:15:56 GMT-0800 (Pacific Standard Time),Tue Dec 15 2020 20:15:56 GMT-0800 (Pacific Standard Time),2,1,2,7147,7,829
386,Tue Dec 08 2020 20:15:56 GMT-0800 (Pacific Standard Time),Sat Dec 12 2020 20:15:56 GMT-0800 (Pacific Standard Time),1,3,5,288,8,308
450,Fri Dec 11 2020 20:15:56 GMT-0800 (Pacific Standard Time),Sat Dec 12 2020 20:15:56 GMT-0800 (Pacific Standard Time),1,2,1,3246,9,884
533,Sun Dec 06 2020 20:15:56 GMT-0800 (Pacific Standard Time),Wed Dec 09532,Sat Dec 05 2020 20:15:56 GMT-0800 (Pacific Standard Time),Fri Dec 11 2020 20:15:56 GMT-0800 (Pacific Standard Time),8,3,1,3197,10,920
26,Thu Dec 10 2020 20:15:56 GMT-0800 (Pacific Standard Time),Sat Dec 19 2020 20:15:56 GMT-0800 (Pacific Standard Time),2,1,1,5286,1,550
84,Sat Dec 05 2020 20:15:56 GMT-0800 (Pacific Standard Time),Wed Dec 16 2020 20:15:56 GMT-0800 (Pacific Standard Time),7,3,1,310,3,581
152,Sun Dec 06 2020 20:15:56 GMT-0800 (Pacific Standard Time),Mon Dec 07 2020 20:15:56 GMT-0800 (Pacific Standard Time),1,1,1,3586,4,239
225,Mon Dec 07 2020 20:15:56 GMT-0800 (Pacific Standard Time),Fri Dec 11 2020 20:15:56 GMT-0800 (Pacific Standard Time),3,2,2,2547,5,547
271,Thu Dec 10 2020 20:15:56 GMT-0800 (Pacific Standard Time),Sun Dec 13 2020 20:15:56 GMT-0800 (Pacific Standard Time),5,2,1,1923,6,63
302,Sat Dec 05 2020 20:15:56 GMT-0800 (Pacific Standard Time),Tue Dec 15 2020 20:15:56 GMT-0800 (Pacific Standard Time),2,1,2,7147,7,829
386,Tue Dec 08 2020 20:15:56 GMT-0800 (Pacific Standard Time),Sat Dec 12 2020 20:15:56 GMT-0800 (Pacific Standard Time),1,3,5,288,8,308
450,Fri Dec 11 2020 20:15:56 GMT-0800 (Pacific Standard Time),Sat Dec 12 2020 20:15:56 GMT-0800 (Pacific Standard Time),1,2,1,3246,9,884
533,Sun Dec 06 2020 20:15:56 GMT-0800 (Pacific Standard Time),Wed Dec 09 2020 20:15:56 GMT-0800 (Pacific Standard Time),9,1,1,4711,10,134
27,Wed Dec 09 2020 20:15:56 GMT-0800 (Pacific Standard Time),Wed Dec 16 2020 20:15:56 GMT-0800 (Pacific Standard Time),1,1,1,917,1,678
85,Sat Dec 05 2020 20:15:56 GMT-0800 (Pacific Standard Time),Sun Dec 06 2020 20:15:56 GMT-0800 (Pacific Standard Time),6,5,1,526,3,635
153,Sun Dec 06 2020 20:15:56 GMT-0800 (Pacific Standard Time),Fri Dec 18 2020 20:15:56 GMT-0800 (Pacific Standard Time),3,1,0,1934,4,187
226,Tue Dec 08 2020 20:15:56 GMT-0800 (Pacific Standard Time),Wed Dec 16 2020 20:15:56 GMT-0800 (Pacific Standard Time),5,2,1,1491,5,863
272,Fri Dec 11 2020 20:15:56 GMT-0800 (Pacific Standard Time),Tue Jan 05 2021 20:15:56 GMT-0800 (Pacific Standard Time),6,1,1,935,6,759
303,Tue Dec 08 2020 20:15:56 GMT-0800 (Pacific Standard Time),Mon Dec 28 2020 20:15:56 GMT-0800 (Pacific Standard Time),6,1,0,4403,7,242
387,Sun Dec 06 2020 20:15:56 GMT-0800 (Pacific Standard Time),Wed Dec 09 2020 20:15:56 GMT-0800 (Pacific Standard Time),8,1,1,288,8,641
451,Wed Dec 09 2020 20:15:56 GMT-0800 (Pacific Standard Time),Fri Dec 11 2020 20:15:56 GMT-0800 (Pacific Standard Time),1,2,1,3882,9,550
534,Thu Dec 10 2020 20:15:56 GMT-0800 (Pacific Standard Time),Mon Dec 14 2020 20:15:56 GMT-0800 (Pacific Standard Time),8,1,1,3197,10,143
28,Sat Dec 05 2020 20:15:56 GMT-0800 (Pacific Standard Time),Mon Dec 07 2020 20:15:56 GMT-0800 (Pacific Standard Time),2,1,1,1174,1,423
86,Fri Dec 11 2020 20:15:56 GMT-0800 (Pacific Standard Time),Wed Dec 16 2020 20:15:56 GMT-0800 (Pacific Standard Time),10,1,1,418,3,653
154,Thu Dec 10 2020 20:15:56 GMT-0800 (Pacific Standard Time),Tue Dec 15 2020 20:15:56 GMT-0800 (Pacific Standard Time),1,2,1,1934,4,724
227,Tue Dec 08 2020 20:15:56 GMT-0800 (Pacific Standard Time),Tue Dec 15 2020 20:15:56 GMT-0800 (Pacific Standard Time),6,1,1,1139,5,749
273,Wed Dec 09 2020 20:15:56 GMT-0800 (Pacific Standard Time),Mon Dec 21 2020 20:15:56 GMT-0800 (Pacific Standard Time),7,1,0,1087,6,343
304,Fri Dec 11 2020 20:15:56 GMT-0800 (Pacific Standard Time),Thu Dec 24 2020 20:15:56 GMT-0800 (Pacific Standard Time),5,1,1,4403,7,81
388,Tue Dec 08 2020 20:15:56 GMT-0800 (Pacific Standard Time),Sun Dec 13 2020 20:15:56 GMT-0800 (Pacific Standard Time),5,4,1,1478,8,150
452,Sat Dec 05 2020 20:15:56 GMT-0800 (Pacific Standard Time),Fri Dec 11 2020 20:15:56 GMT-0800 (Pacific Standard Time),3,1,0,1338,9,622
535,Mon Dec 07 2020 20:15:56 GMT-0800 (Pacific Standard Time),Sun Dec 13 2020 20:15:56 GMT-0800 (Pacific Standard Time),2,9,1,3954,10,93
29,Tue Dec 08 2020 20:15:56 GMT-0800 (Pacific Standard Time),Tue Dec 29 2020 20:15:56 GMT-0800 (Pacific Standard Time),3,1,0,5543,1,808
87,Thu Dec 10 2020 20:15:56 GMT-0800 (Pacific Standard Time),Thu Dec 24 2020 20:15:56 GMT-0800 (Pacific Standard Time),9,1,1,796,3,900
155,Mon Dec 07 2020 20:15:56 GMT-0800 (Pacific Standard Time),Sat Dec 19 2020 20:15:56 GMT-0800 (Pacific Standard Time),3,1,0,1462,4,727
228,Sat Dec 05 2020 20:15:56 GMT-0800 (Pacific Standard Time),Fri Dec 11 2020 20:15:56 GMT-0800 (Pacific Standard Time),1,4,2,2547,5,126
274,Thu Dec 10 2020 20:15:56 GMT-0800 (Pacific Standard Time),Fri Dec 18 2020 20:15:56 GMT-0800 (Pacific Standard Time),6,1,1,1011,6,938
305,Sat Dec 05 2020 20:15:56 GMT-0800 (Pacific Standard Time),Fri Dec 18 2020 20:15:56 GMT-0800 (Pacific Standard Time),2,1,3,2835,7,424
389,Tue Dec 08 2020 20:15:56 GMT-0800 (Pacific Standard Time),Sun Dec 13 2020 20:15:56 GMT-0800 (Pacific Standard Time),1,7,1,288,8,488
453,Mon Dec 07 2020 20:15:56 GMT-0800 (Pacific Standard Time),Thu Dec 10 2020 20:15:56 GMT-0800 (Pacific Standard Time),2,1,1,1974,9,515
536,Sun Dec 06 2020 20:15:56 GMT-0800 (Pacific Standard Time),Tue Dec 08 2020 20:15:56 GMT-0800 (Pacific Standard Time),10,1,1,3197,10,909
30,Sat Dec 05 2020 20:15:56 GMT-0800 (Pacific Standard Time),Sat Dec 26 2020 20:15:56 GMT-0800 (Pacific Standard Time),1,1,1,4772,1,533
88,Sat Dec 05 2020 20:15:56 GMT-0800 (Pacific Standard Time),Sun Dec 13 2020 20:15:56 GMT-0800 (Pacific Standard Time),9,1,1,472,3,579
156,Mon Dec 07 2020 20:15:56 GMT-0800 (Pacific Standard Time),Sun Dec 20 2020 20:15:56 GMT-0800 (Pacific Standard Time),2,1,1,2878,4,304
229,Wed Dec 09 2020 20:15:56 GMT-0800 (Pacific Standard Time),Wed Dec 16 2020 20:15:56 GMT-0800 (Pacific Standard Time),7,1,0,435,5,758
275,Thu Dec 10 2020 20:15:56 GMT-0800 (Pacific Standard Time),Sun Dec 20 2020 20:15:56 GMT-0800 (Pacific Standard Time),4,2,1,1163,6,850
306,Sat Dec 05 2020 20:15:56 GMT-0800 (Pacific Standard Time),Sat Dec 12 2020 20:15:56 GMT-0800 (Pacific Standard Time),3,2,1,4011,7,990
390,Wed Dec 09 2020 20:15:56 GMT-0800 (Pacific Standard Time),Sat Dec 12 2020 20:15:56 GMT-0800 (Pacific Standard Time),7,2,1,526,8,112
454,Wed Dec 09 2020 20:15:56 GMT-0800 (Pacific Standard Time),Thu Dec 10 2020 20:15:56 GMT-0800 (Pacific Standard Time),3,1,0,3882,9,135
537,Mon Dec 07 2020 20:15:56 GMT-0800 (Pacific Standard Time),Fri Dec 11 2020 20:15:56 GMT-0800 (Pacific Standard Time),6,4,1,1683,10,913
31,Fri Dec 11 2020 20:15:56 GMT-0800 (Pacific Standard Time),Wed Dec 30 2020 20:15:56 GMT-0800 (Pacific Standard Time),2,1,1,403,1,605
89,Fri Dec 11 2020 20:15:56 GMT-0800 (Pacific Standard Time),Sun Dec 13 2020 20:15:56 GMT-0800 (Pacific Standard Time),4,2,4,256,3,675
157,Tue Dec 08 2020 20:15:56 GMT-0800 (Pacific Standard Time),Thu Dec 17 2020 20:15:56 GMT-0800 (Pacific Standard Time),3,1,0,1462,4,931
230,Sat Dec 05 2020 20:15:56 GMT-0800 (Pacific Standard Time),Wed Dec 09 2020 20:15:56 GMT-0800 (Pacific Standard Time),1,2,2,435,5,614
276,Wed Dec 09 2020 20:15:56 GMT-0800 (Pacific Standard Time),Fri Dec 25 2020 20:15:56 GMT-0800 (Pacific Standard Time),5,2,1,2075,6,35
307,Fri Dec 11 2020 20:15:56 GMT-0800 (Pacific Standard Time),Tue Dec 22 2020 20:15:56 GMT-0800 (Pacific Standard Time),3,1,1,2835,7,961
391,Sat Dec 05 2020 20:15:56 GMT-0800 (Pacific Standard Time),Tue Dec 08 2020 20:15:56 GMT-0800 (Pacific Standard Time),2,5,2,1954,8,116
455,Tue Dec 08 2020 20:15:56 GMT-0800 (Pacific Standard Time),Fri Dec 11 2020 20:15:56 GMT-0800 (Pacific Standard Time),2,1,1,702,9,202
538,Thu Dec 10 2020 20:15:56 GMT-0800 (Pacific Standard Time),Sat Dec 12 2020 20:15:56 GMT-0800 (Pacific Standard Time),10,1,1,926,10,546
32,Sun Dec 06 2020 20:15:56 GMT-0800 (Pacific Standard Time),Wed Dec 09 2020 20:15:56 GMT-0800 (Pacific Standard Time),1,2,1,4515,1,202
90,Fri Dec 11 2020 20:15:56 GMT-0800 (Pacific Standard Time),Sat Dec 19 2020 20:15:56 GMT-0800 (Pacific Standard Time),11,1,0,742,3,648
158,Tue Dec 08 2020 20:15:56 GMT-0800 (Pacific Standard Time),Sat Dec 26 2020 20:15:56 GMT-0800 (Pacific Standard Time),3,1,0,4530,4,534
231,Tue Dec 08 2020 20:15:56 GMT-0800 (Pacific Standard Time),Sun Dec 13 2020 20:15:56 GMT-0800 (Pacific Standard Time),3,4,1,1843,5,477
277,Tue Dec 08 2020 20:15:56 GMT-0800 (Pacific Standard Time),Sun Dec 13 2020 20:15:56 GMT-0800 (Pacific Standard Time),7,1,0,1087,6,43
308,Thu Dec 10 2020 20:15:56 GMT-0800 (Pacific Standard Time),Tue Dec 22 2020 20:15:56 GMT-0800 (Pacific Standard Time),6,1,0,4011,7,521
392,Sun Dec 06 2020 20:15:56 GMT-0800 (Pacific Standard Time),Tue Dec 08 2020 20:15:56 GMT-0800 (Pacific Standard Time),9,1,0,1716,8,946
456,Mon Dec 07 2020 20:15:56 GMT-0800 (Pacific Standard Time),Sat Dec 12 2020 20:15:56 GMT-0800 (Pacific Standard Time),2,1,1,1338,9,182
539,Sat Dec 05 2020 20:15:56 GMT-0800 (Pacific Standard Time),Mon Dec 07 2020 20:15:56 GMT-0800 (Pacific Standard Time),9,1,1,4711,10,531
33,Tue Dec 08 2020 20:15:56 GMT-0800 (Pacific Standard Time),Sat Dec 26 2020 20:15:56 GMT-0800 (Pacific Standard Time),3,1,0,5029,1,387
91,Mon Dec 07 2020 20:15:56 GMT-0800 (Pacific Standard Time),Sun Dec 20 2020 20:15:56 GMT-0800 (Pacific Standard Time),7,1,3,202,3,787
159,Wed Dec 09 2020 20:15:56 GMT-0800 (Pacific Standard Time),Sun Dec 20 2020 20:15:56 GMT-0800 (Pacific Standard Time),3,1,0,2406,4,904
232,Sun Dec 06 2020 20:15:56 GMT-0800 (Pacific Standard Time),Wed Dec 09 2020 20:15:56 GMT-0800 (Pacific Standard Time),5,2,1,1139,5,455
309,Sat Dec 05 2020 20:15:56 GMT-0800 (Pacific Standard Time),Mon Dec 14 2020 20:15:56 GMT-0800 (Pacific Standard Time),3,3,1,4011,7,421
393,Mon Dec 07 2020 20:15:56 GMT-0800 (Pacific Standard Time),Sat Dec 12 2020 20:15:56 GMT-0800 (Pacific Standard Time),6,2,1,526,8,190
457,Thu Dec 10 2020 20:15:56 GMT-0800 (Pacific Standard Time),Sun Dec 13 2020 20:15:56 GMT-0800 (Pacific Standard Time),3,1,0,3246,9,380
540,Fri Dec 11 2020 20:15:56 GMT-0800 (Pacific Standard Time),Thu Dec 17 2020 20:15:56 GMT-0800 (Pacific Standard Time),1,3,1,3197,10,202
34,Thu Dec 10 2020 20:15:56 GMT-0800 (Pacific Standard Time),Sat Dec 19 2020 20:15:56 GMT-0800 (Pacific Standard Time),2,1,1,1174,1,933
92,Sun Dec 06 2020 20:15:56 GMT-0800 (Pacific Standard Time),Thu Dec 10 2020 20:15:56 GMT-0800 (Pacific Standard Time),6,4,1,310,3,230
160,Mon Dec 07 2020 20:15:56 GMT-0800 (Pacific Standard Time),Fri Dec 18 2020 20:15:56 GMT-0800 (Pacific Standard Time),3,1,0,3114,4,327
233,Sun Dec 06 2020 20:15:56 GMT-0800 (Pacific Standard Time),Mon Dec 14 2020 20:15:56 GMT-0800 (Pacific Standard Time),7,1,0,2547,5,213
310,Sun Dec 06 2020 20:15:56 GMT-0800 (Pacific Standard Time),Tue Dec 08 2020 20:15:56 GMT-0800 (Pacific Standard Time),5,1,1,875,7,978
394,Wed Dec 09 2020 20:15:56 GMT-0800 (Pacific Standard Time),Fri Dec 11 2020 20:15:56 GMT-0800 (Pacific Standard Time),4,1,4,288,8,219
458,Fri Dec 11 2020 20:15:56 GMT-0800 (Pacific Standard Time),Sat Dec 12 2020 20:15:56 GMT-0800 (Pacific Standard Time),1,1,1,3882,9,771
541,Tue Dec 08 2020 20:15:56 GMT-0800 (Pacific Standard Time),Thu Dec 10 2020 20:15:56 GMT-0800 (Pacific Standard Time),7,2,2,926,10,96
35,Wed Dec 09 2020 20:15:56 GMT-0800 (Pacific Standard Time),Fri Dec 25 2020 20:15:56 GMT-0800 (Pacific Standard Time),2,1,1,1688,1,227
93,Mon Dec 07 2020 20:15:56 GMT-0800 (Pacific Standard Time),Thu Dec 10 2020 20:15:56 GMT-0800 (Pacific Standard Time),4,1,2,418,3,254
161,Tue Dec 08 2020 20:15:56 GMT-0800 (Pacific Standard Time),Tue Dec 22 2020 20:15:56 GMT-0800 (Pacific Standard Time),3,1,0,1698,4,470
234,Sun Dec 06 2020 20:15:56 GMT-0800 (Pacific Standard Time),Sat Dec 12 2020 20:15:56 GMT-0800 (Pacific Standard Time),4,2,1,2195,5,571
311,Sun Dec 06 2020 20:15:56 GMT-0800 (Pacific Standard Time),Thu Dec 10 2020 20:15:56 GMT-0800 (Pacific Standard Time),5,1,1,2051,7,81
395,Sun Dec 06 2020 20:15:56 GMT-0800 (Pacific Standard Time),Thu Dec 10 2020 20:15:56 GMT-0800 (Pacific Standard Time),7,1,1,288,8,900
459,Mon Dec 07 2020 20:15:56 GMT-0800 (Pacific Standard Time),Sun Dec 13 2020 20:15:56 GMT-0800 (Pacific Standard Time),2,1,1,1974,9,224
542,Wed Dec 09 2020 20:15:56 GMT-0800 (Pacific Standard Time),Mon Dec 14 2020 20:15:56 GMT-0800 (Pacific Standard Time),4,5,1,926,10,608
36,Thu Dec 10 2020 20:15:56 GMT-0800 (Pacific Standard Time),Fri Dec 18 2020 20:15:56 GMT-0800 (Pacific Standard Time),1,2,1,2459,1,713
94,Mon Dec 07 2020 20:15:56 GMT-0800 (Pacific Standard Time),Sat Dec 12 2020 20:15:56 GMT-0800 (Pacific Standard Time),7,1,1,310,3,714
162,Mon Dec 07 2020 20:15:56 GMT-0800 (Pacific Standard Time),Mon Dec 21 2020 20:15:56 GMT-0800 (Pacific Standard Time),1,1,1,1698,4,753
235,Sat Dec 05 2020 20:15:56 GMT-0800 (Pacific Standard Time),Mon Dec 07 2020 20:15:56 GMT-0800 (Pacific Standard Time),5,2,1,1491,5,600
312,Fri Dec 11 2020 20:15:56 GMT-0800 (Pacific Standard Time),Wed Dec 30 2020 20:15:56 GMT-0800 (Pacific Standard Time),6,1,0,2051,7,842
396,Wed Dec 09 2020 20:15:56 GMT-0800 (Pacific Standard Time),Tue Dec 15 2020 20:15:56 GMT-0800 (Pacific Standard Time),9,1,0,1002,8,141
460,Thu Dec 10 2020 20:15:56 GMT-0800 (Pacific Standard Time),Tue Dec 15 2020 20:15:56 GMT-0800 (Pacific Standard Time),3,1,0,1974,9,945
543,Wed Dec 09 2020 20:15:56 GMT-0800 (Pacific Standard Time),Tue Dec 15 2020 20:15:56 GMT-0800 (Pacific Standard Time),10,1,1,3197,10,360
37,Thu Dec 10 2020 20:15:56 GMT-0800 (Pacific Standard Time),Sun Dec 27 2020 20:15:56 GMT-0800 (Pacific Standard Time),1,2,1,403,1,615
95,Wed Dec 09 2020 20:15:56 GMT-0800 (Pacific Standard Time),Wed Dec 23 2020 20:15:56 GMT-0800 (Pacific Standard Time),10,1,1,688,3,157
163,Thu Dec 10 2020 20:15:56 GMT-0800 (Pacific Standard Time),Mon Dec 21 2020 20:15:56 GMT-0800 (Pacific Standard Time),1,2,1,4058,4,11
236,Fri Dec 11 2020 20:15:56 GMT-0800 (Pacific Standard Time),Tue Dec 15 2020 20:15:56 GMT-0800 (Pacific Standard Time),7,1,0,1491,5,451
313,Wed Dec 09 2020 20:15:56 GMT-0800 (Pacific Standard Time),Thu Dec 24 2020 20:15:56 GMT-0800 (Pacific Standard Time),2,4,1,7539,7,809
397,Tue Dec 08 2020 20:15:56 GMT-0800 (Pacific Standard Time),Sun Dec 13 2020 20:15:56 GMT-0800 (Pacific Standard Time),8,1,1,1240,8,859
461,Thu Dec 10 2020 20:15:56 GMT-0800 (Pacific Standard Time),Wed Dec 16 2020 20:15:56 GMT-0800 (Pacific Standard Time),1,2,1,3246,9,381
544,Sun Dec 06 2020 20:15:56 GMT-0800 (Pacific Standard Time),Wed Dec 09 2020 20:15:56 GMT-0800 (Pacific Standard Time),2,1,3,3197,10,415
38,Sun Dec 06 2020 20:15:56 GMT-0800 (Pacific Standard Time),Sat Dec 26 2020 20:15:56 GMT-0800 (Pacific Standard Time),2,1,1,1431,1,922
96,Mon Dec 07 2020 20:15:56 GMT-0800 (Pacific Standard Time),Sun Dec 20 2020 20:15:56 GMT-0800 (Pacific Standard Time),5,4,1,796,3,740
164,Mon Dec 07 2020 20:15:56 GMT-0800 (Pacific Standard Time),Th315,Sat Dec 05 2020 20:15:56 GMT-0800 (Pacific Standard Time),Wed Dec 16 2020 20:15:56 GMT-0800 (Pacific Standard Time),1,4,1,875,7,987
399,Wed Dec 09 2020 20:15:56 GMT-0800 (Pacific Standard Time),Wed Dec 16 2020 20:15:56 GMT-0800 (Pacific Standard Time),3,3,3,764,8,629
463,Wed Dec 09 2020 20:15:56 GMT-0800 (Pacific Standard Time),Mon Dec 14 2020 20:15:56 GMT-0800 (Pacific Standard Time),3,1,0,3246,9,726
546,Thu Dec 10 2020 20:15:56 GMT-0800 (Pacific Standard Time),Mon Dec 14 2020 20:15:56 GMT-0800 (Pacific Standard Time),8,1,2,1683,10,831
98,Fri Dec 11 2020 20:15:56 GMT-0800 (Pacific Standard Time),Mon Dec 14 2020 20:15:56 GMT-0800 (Pacific Standard Time),8,3,1,418,3,952
166,Mon Dec 07 2020 20:15:56 GMT-0800 (Pacific Standard Time),Sun Dec 13 2020 20:15:56 GMT-0800 (Pacific Standard Time),3,1,0,2642,4,594
239,Tue Dec 08 2020 20:15:56 GMT-0800 (Pacific Standard Time),Wed Dec 09 2020 20:15:56 GMT-0800 (Pacific Standard Time),4,3,1,1843,5,585
316,Mon Dec 07 2020 20:15:56 GMT-0800 (Pacific Standard Time),Sat Dec 12 2020 20:15:56 GMT-0800 (Pacific Standard Time),6,1,0,7539,7,162
400,Fri Dec 11 2020 20:15:56 GMT-0800 (Pacific Standard Time),Sat Dec 12 2020 20:15:56 GMT-0800 (Pacific Standard Time),9,1,0,526,8,982
464,Sat Dec 05 2020 20:15:56 GMT-0800 (Pacific Standard Time),Thu Dec 10 2020 20:15:56 GMT-0800 (Pacific Standard Time),1,2,1,2610,9,562
547,Fri Dec 11 2020 20:15:56 GMT-0800 (Pacific Standard Time),Sat Dec 12 2020 20:15:56 GMT-0800 (Pacific Standard Time),1,7,2,4711,10,190
99,Wed Dec 09 2020 20:15:56 GMT-0800 (Pacific Standard Time),Sun Dec 20 2020 20:15:56 GMT-0800 (Pacific Standard Time),8,1,1,850,3,331
167,Sun Dec 06 2020 20:15:56 GMT-0800 (Pacific Standard Time),Wed Dec 16 2020 20:15:56 GMT-0800 (Pacific Standard Time),2,1,1,4766,4,937
240,Mon Dec 07 2020 20:15:56 GMT-0800 (Pacific Standard Time),Sat Dec 12 2020 20:15:56 GMT-0800 (Pacific Standard Time),4,1,2,1491,5,696
317,Fri Dec 11 2020 20:15:56 GMT-0800 (Pacific Standard Time),Tue Dec 15 2020 20:15:56 GMT-0800 (Pacific Standard Time),2,4,1,7931,7,729
401,Sat Dec 05 2020 20:15:56 GMT-0800 (Pacific Standard Time),Sun Dec 13 2020 20:15:56 GMT-0800 (Pacific Standard Time),6,2,1,1716,8,908
465,Fri Dec 11 2020 20:15:56 GMT-0800 (Pacific Standard Time),Mon Dec 14 2020 20:15:56 GMT-0800 (Pacific Standard Time),1,1,1,3246,9,54
548,Wed Dec 09 2020 20:15:56 GMT-0800 (Pacific Standard Time),Fri Dec 11 2020 20:15:56 GMT-0800 (Pacific Standard Time),8,3,1,3954,10,313
100,Sat Dec 05 2020 20:15:56 GMT-0800 (Pacific Standard Time),Thu Dec 10 2020 20:15:56 GMT-0800 (Pacific Standard Time),8,1,1,472,3,724
168,Tue Dec 08 2020 20:15:56 GMT-0800 (Pacific Standard Time),Fri Dec 11 2020 20:15:56 GMT-0800 (Pacific Standard Time),1,2,1,3822,4,180
241,Wed Dec 09 2020 20:15:56 GMT-0800 (Pacific Standard Time),Sun Dec 13 2020 20:15:56 GMT-0800 (Pacific Standard Time),6,1,1,2195,5,406
318,Sun Dec 06 2020 20:15:56 GMT-0800 (Pacific Standard Time),Tue Dec 22 2020 20:15:56 GMT-0800 (Pacific Standard Time),6,1,0,5579,7,764
402,Wed Dec 09 2020 20:15:56 GMT-0800 (Pacific Standard Time),Mon Dec 14 2020 20:15:56 GMT-0800 (Pacific Standard Time),3,2,1,1002,8,958
466,Sat Dec 05 2020 20:15:56 GMT-0800 (Pacific Standard Time),Sun Dec 06 2020 20:15:56 GMT-0800 (Pacific Standard Time),2,1,1,1338,9,911
549,Tue Dec 08 2020 20:15:56 GMT-0800 (Pacific Standard Time),Sat Dec 12 2020 20:15:56 GMT-0800 (Pacific Standard Time),4,4,3,926,10,988
101,Sat Dec 05 2020 20:15:56 GMT-0800 (Pacific Standard Time),Tue Dec 15 2020 20:15:56 GMT-0800 (Pacific Standard Time),4,1,2,580,3,128
169,Tue Dec 08 2020 20:15:56 GMT-0800 (Pacific Standard Time),Sun Dec 13 2020 20:15:56 GMT-0800 (Pacific Standard Time),3,1,0,2642,4,667
242,Sat Dec 05 2020 20:15:56 GMT-0800 (Pacific Standard Time),Mon Dec 14 2020 20:15:56 GMT-0800 (Pacific Standard Time),1,4,2,1139,5,869
319,Thu Dec 10 2020 20:15:56 GMT-0800 (Pacific Standard Time),Sat Dec 19 2020 20:15:56 GMT-0800 (Pacific Standard Time),4,1,1,5971,7,619
403,Sat Dec 05 2020 20:15:56 GMT-0800 (Pacific Standard Time),Mon Dec 07 2020 20:15:56 GMT-0800 (Pacific Standard Time),8,1,1,526,8,924
467,Sat Dec 05 2020 20:15:56 GMT-0800 (Pacific Standard Time),Wed Dec 09 2020 20:15:56 GMT-0800 (Pacific Standard Time),1,2,1,3882,9,965
550,Sun Dec 06 2020 20:15:56 GMT-0800 (Pacific Standard Time),Tue Dec 08 2020 20:15:56 GMT-0800 (Pacific Standard Time),7,2,2,3954,10,974
102,Sun Dec 06 2020 20:15:56 GMT-0800 (Pacific Standard Time),Tue Dec 08 2020 20:15:56 GMT-0800 (Pacific Standard Time),2,6,3,850,3,247
170,Thu Dec 10 2020 20:15:56 GMT-0800 (Pacific Standard Time),Tue Dec 22 2020 20:15:56 GMT-0800 (Pacific Standard Time),1,1,1,2642,4,28
243,Sat Dec 05 2020 20:15:56 GMT-0800 (Pacific Standard Time),Sun Dec 13 2020 20:15:56 GMT-0800 (Pacific Standard Time),4,3,1,787,5,481
320,Mon Dec 07 2020 20:15:56 GMT-0800 (Pacific Standard Time),Sun Dec 20 2020 20:15:56 GMT-0800 (Pacific Standard Time),4,1,1,875,7,854
404,Fri Dec 11 2020 20:15:56 GMT-0800 (Pacific Standard Time),Thu Dec 17 2020 20:15:56 GMT-0800 (Pacific Standard Time),3,3,1,1002,8,575
468,Sun Dec 06 2020 20:15:56 GMT-0800 (Pacific Standard Time),Fri Dec 11 2020 20:15:56 GMT-0800 (Pacific Standard Time),3,1,0,702,9,145
551,Mon Dec 07 2020 20:15:56 GMT-0800 (Pacific Standard Time),Tue Dec 08 2020 20:15:56 GMT-0800 (Pacific Standard Time),8,1,2,926,10,758
103,Wed Dec 09 2020 20:15:56 GMT-0800 (Pacific Standard Time),Sat Dec 12 2020 20:15:56 GMT-0800 (Pacific Standard Time),2,9,1,850,3,720
171,Tue Dec 08 2020 20:15:56 GMT-0800 (Pacific Standard Time),Mon Dec 28 2020 20:15:56 GMT-0800 (Pacific Standard Time),2,1,1,990,4,563
244,Sun Dec 06 2020 20:15:56 GMT-0800 (Pacific Standard Time),Mon Dec 07 2020 20:15:56 GMT-0800 (Pacific Standard Time),2,1,2,3251,5,204
321,Sat Dec 05 2020 20:15:56 GMT-0800 (Pacific Standard Time),Fri Dec 18 2020 20:15:56 GMT-0800 (Pacific Standard Time),3,1,2,6755,7,694
405,Thu Dec 10 2020 20:15:56 GMT-0800 (Pacific Standard Time),Mon Dec 14 2020 20:15:56 GMT-0800 (Pacific Standard Time),1,4,4,1716,8,994
469,Mon Dec 07 2020 20:15:56 GMT-0800 (Pacific Standard Time),Wed Dec 09 2020 20:15:56 GMT-0800 (Pacific Standard Time),2,1,1,2610,9,580
552,Mon Dec 07 2020 20:15:56 GMT-0800 (Pacific Standard Time),Fri Dec 11 2020 20:15:56 GMT-0800 (Pacific Standard Time),1,9,1,1683,10,252
104,Fri Dec 11 2020 20:15:56 GMT-0800 (Pacific Standard Time),Thu Dec 24 2020 20:15:56 GMT-0800 (Pacific Standard Time),11,1,0,580,3,854
172,Sun Dec 06 2020 20:15:56 GMT-0800 (Pacific Standard Time),Mon Dec 14 2020 20:15:56 GMT-0800 (Pacific Standard Time),3,1,0,2878,4,44
245,Sun Dec 06 2020 20:15:56 GMT-0800 (Pacific Standard Time),Mon Dec 14 2020 20:15:56 GMT-0800 (Pacific Standard Time),4,2,1,787,5,276
322,Fri Dec 11 2020 20:15:56 GMT-0800 (Pacific Standard Time),Thu Dec 24 2020 20:15:56 GMT-0800 (Pacific Standard Time),4,2,1,5187,7,601
406,Sat Dec 05 2020 20:15:56 GMT-0800 (Pacific Standard Time),Thu Dec 10 2020 20:15:56 GMT-0800 (Pacific Standard Time),2,6,1,1954,8,314
470,Mon Dec 07 2020 20:15:56 GMT-0800 (Pacific Standard Time),Sat Dec 12 2020 20:15:56 GMT-0800 (Pacific Standard Time),3,1,0,2610,9,270
553,Fri Dec 11 2020 20:15:56 GMT-0800 (Pacific Standard Time),Sat Dec 12 2020 20:15:56 GMT-0800 (Pacific Standard Time),6,4,1,3954,10,703
105,Thu Dec 10 2020 20:15:56 GMT-0800 (Pacific Standard Time),Tue Dec 22 2020 20:15:56 GMT-0800 (Pacific Standard Time),9,2,1,148,3,174
173,Fri Dec 11 2020 20:15:56 GMT-0800 (Pacific Standard Time),Thu Dec 31 2020 20:15:56 GMT-0800 (Pacific Standard Time),1,2,1,3114,4,108
246,Tue Dec 08 2020 20:15:56 GMT-0800 (Pacific Standard Time),Wed Dec 16 2020 20:15:56 GMT-0800 (Pacific Standard Time),5,1,1,1843,5,720
323,Tue Dec 08 2020 20:15:56 GMT-0800 (Pacific Standard Time),Mon Dec 14 2020 20:15:56 GMT-0800 (Pacific Standard Time),3,2,1,6363,7,579
407,Wed Dec 09 2020 20:15:56 GMT-0800 (Pacific Standard Time),Thu Dec 10 2020 20:15:56 GMT-0800 (Pacific Standard Time),1,7,1,1002,8,205
471,Sun Dec 06 2020 20:15:56 GMT-0800 (Pacific Standard Time),Mon Dec 07 2020 20:15:56 GMT-0800 (Pacific Standard Time),1,1,1,2610,9,369
554,Wed Dec 09 2020 20:15:56 GMT-0800 (Pacific Standard Time),Tue Dec 15 2020 20:15:56 GMT-0800 (Pacific Standard Time),6,4,1,3954,10,639
106,Sat Dec 05 2020 20:15:56 GMT-0800 (Pacific Standard Time),Mon Dec 14 2020 20:15:56 GMT-0800 (Pacific Standard Time),7,1,3,472,3,427
174,Sun Dec 06 2020 20:15:56 GMT-0800 (Pacific Standard Time),Sat Dec 26 2020 20:15:56 GMT-0800 (Pacific Standard Time),2,1,1,990,4,190
324,Mon Dec 07 2020 20:15:56 GMT-0800 (Pacific Standard Time),Thu Dec 10 2020 20:15:56 GMT-0800 (Pacific Standard Time),3,3,1,7931,7,38
408,Fri Dec 11 2020 20:15:56 GMT-0800 (Pacific Standard Time),Wed Dec 16 2020 20:15:56 GMT-0800 (Pacific Standard Time),6,1,1,1002,8,727
472,Fri Dec 11 2020 20:15:56 GMT-0800 (Pacific Standard Time),Tue Dec 15 2020 20:15:56 GMT-0800 (Pacific Standard Time),3,1,0,3246,9,211
555,Wed Dec 09 2020 20:15:56 GMT-0800 (Pacific Standard Time),Fri Dec 11 2020 20:15:56 GMT-0800 (Pacific Standard Time),8,2,1,2440,10,154
107,Thu Dec 10 2020 20:15:56 GMT-0800 (Pacific Standard Time),Tue Dec 15 2020 20:15:56 GMT-0800 (Pacific Standard Time),4,1,5,850,3,357
175,Wed Dec 09 2020 20:15:56 GMT-0800 (Pacific Standard Time),Sat Dec 12 2020 20:15:56 GMT-0800 (Pacific Standard Time),1,2,1,4766,4,682
325,Sat Dec 05 2020 20:15:56 GMT-0800 (Pacific Standard Time),Tue Dec 15 2020 20:15:56 GMT-0800 (Pacific Standard Time),5,1,1,2835,7,496
409,Fri Dec 11 2020 20:15:56 GMT-0800 (Pacific Standard Time),Thu Dec 17 2020 20:15:56 GMT-0800 (Pacific Standard Time),1,6,2,764,8,841
473,Tue Dec 08 2020 20:15:56 GMT-0800 (Pacific Standard Time),Sat Dec 12 2020 20:15:56 GMT-0800 (Pacific Standard Time),1,2,1,3246,9,277
556,Sun Dec 06 2020 20:15:56 GMT-0800 (Pacific Standard Time),Mon Dec 07 2020 20:15:56 GMT-0800 (Pacific Standard Time),11,1,0,1683,10,635
108,Tue Dec 08 2020 20:15:56 GMT-0800 (Pacific Standard Time),Sun Dec 20 2020 20:15:56 GMT-0800 (Pacific Standard Time),11,1,0,634,3,912
176,Sat Dec 05 2020 20:15:56 GMT-0800 (Pacific Standard Time),Fri Dec 11 2020 20:15:56 GMT-0800 (Pacific Standard Time),2,1,1,2642,4,249
326,Sun Dec 06 2020 20:15:56 GMT-0800 (Pacific Standard Time),Sat Dec 19 2020 20:15:56 GMT-0800 (Pacific Standard Time),3,2,1,2835,7,503
410,Mon Dec 07 2020 20:15:56 GMT-0800 (Pacific Standard Time),Fri Dec 11 2020 20:15:56 GMT-0800 (Pacific Standard Time),4,5,1,1954,8,562
474,Sat Dec 05 2020 20:15:56 GMT-0800 (Pacific Standard Time),Fri Dec 11 2020 20:15:56 GMT-0800 (Pacific Standard Time),2,1,1,3882,9,589
557,Mon Dec 07 2020 20:15:56 GMT-0800 (Pacific Standard Time),Tue Dec 08 2020 20:15:56 GMT-0800 (Pacific Standard Time),6,5,1,926,10,396
109,Wed Dec 09 2020 20:15:56 GMT-0800 (Pacific Standard Time),Tue Dec 22 2020 20:15:56 GMT-0800 (Pacific Standard Time),5,4,2,256,3,846
177,Mon Dec 07 2020 20:15:56 GMT-0800 (Pacific Standard Time),Thu Dec 24 2020 20:15:56 GMT-0800 (Pacific Standard Time),1,2,1,2170,4,7
327,Tue Dec 08 2020 20:15:56 GMT-0800 (Pacific Standard Time),Sat Dec 26 2020 20:15:56 GMT-0800 (Pacific Standard Time),3,1,1,5971,7,573
411,Thu Dec 10 2020 20:15:56 GMT-0800 (Pacific Standard Time),Tue Dec 15 2020 20:15:56 GMT-0800 (Pacific Standard Time),2,2,1,764,8,419
475,Mon Dec 07 2020 20:15:56 GMT-0800 (Pacific Standard Time),Wed Dec 09 2020 20:15:56 GMT-0800 (Pacific Standard Time),3,1,0,3882,9,437
558,Sat Dec 05 2020 20:15:56 GMT-0800 (Pacific Standard Time),Mon Dec 07 2020 20:15:56 GMT-0800 (Pacific Standard Time),1,3,2,1683,10,519
110,Mon Dec 07 2020 20:15:56 GMT-0800 (Pacific Standard Time),Tue Dec 15 2020 20:15:56 GMT-0800 (Pacific Standard Time),6,5,1,256,3,495
178,Sat Dec 05 2020 20:15:56 GMT-0800 (Pacific Standard Time),Sun Dec 20 2020 20:15:56 GMT-0800 (Pacific Standard Time),1,1,1,3114,4,996
328,Sat Dec 05 2020 20:15:56 GMT-0800 (Pacific Standard Time),Tue Dec 22 2020 20:15:56 GMT-0800 (Pacific Standard Time),5,1,1,875,7,216
412,Wed Dec 09 2020 20:15:56 GMT-0800 (Pacific Standard Time),Tue Dec 15 2020 20:15:56 GMT-0800 (Pacific Standard Time),6,1,1,1716,8,148
476,Fri Dec 11 2020 20:15:56 GMT-0800 (Pacific Standard Time),Thu Dec 17 2020 20:15:56 GMT-0800 (Pacific Standard Time),3,1,0,702,9,658
559,Wed Dec 09 2020 20:15:56 GMT-0800 (Pacific Standard Time),Thu Dec 10 2020 20:15:56 GMT-0800 (Pacific Standard Time),4,4,1,3197,10,843
111,Sat Dec 05 2020 20:15:56 GMT-0800 (Pacific Standard Time),Sun Dec 06 2020 20:15:56 GMT-0800 (Pacific Standard Time),8,3,1,364,3,550
179,Thu Dec 10 2020 20:15:56 GMT-0800 (Pacific Standard Time),Tue Dec 22 2020 20:15:56 GMT-0800 (Pacific Standard Time),1,1,1,1226,4,780
329,Wed Dec 09 2020 20:15:56 GMT-0800 (Pacific Standard Time),Mon Dec 21 2020 20:15:56 GMT-0800 (Pacific Standard Time),2,1,1,1659,7,438
413,Mon Dec 07 2020 20:15:56 GMT-0800 (Pacific Standard Time),Sun Dec 13 2020 20:15:56 GMT-0800 (Pacific Standard Time),8,1,1,526,8,822
477,Sat Dec 05 2020 20:15:56 GMT-0800 (Pacific Standard Time),Thu Dec 10 2020 20:15:56 GMT-0800 (Pacific Standard Time),1,1,1,1338,9,725
560,Sun Dec 06 2020 20:15:56 GMT-0800 (Pacific Standard Time),Thu Dec 10 2020 20:15:56 GMT-0800 (Pacific Standard Time),1,3,2,3197,10,242
112,Thu Dec 10 2020 20:15:56 GMT-0800 (Pacific Standard Time),Sat Dec 19 2020 20:15:56 GMT-0800 (Pacific Standard Time),11,1,0,688,3,470
180,Mon Dec 07 2020 20:15:56 GMT-0800 (Pacific Standard Time),Tue Dec 15 2020 20:15:56 GMT-0800 (Pacific Standard Time),2,1,1,3822,4,362
330,Tue Dec 08 2020 20:15:56 GMT-0800 (Pacific Standard Time),Sat Dec 19 2020 20:15:56 GMT-0800 (Pacific Standard Time),3,3,1,3619,7,776
414,Sun Dec 06 2020 20:15:56 GMT-0800 (Pacific Standard Time),Thu Dec 10 2020 20:15:56 GMT-0800 (Pacific Standard Time),6,1,2,1240,8,114
478,Sat Dec 05 2020 20:15:56 GMT-0800 (Pacific Standard Time),Mon Dec 07 2020 20:15:56 GMT-0800 (Pacific Standard Time),2,1,1,2610,9,751
561,Thu Dec 10 2020 20:15:56 GMT-0800 (Pacific Standard Time),Sat Dec 12 2020 20:15:56 GMT-0800 (Pacific Standard Time),7,2,1,3954,10,791
113,Sat Dec 05 2020 20:15:56 GMT-0800 (Pacific Standard Time),Fri Dec 11 2020 20:15:56 GMT-0800 (Pacific Standard Time),10,1,1,634,3,952
181,Thu Dec 10 2020 20:15:56 GMT-0800 (Pacific Standard Time),Tue Dec 22 2020 20:15:56 GMT-0800 (Pacific Standard Time),1,1,1,518,4,893
331,Fri Dec 11 2020 20:15:56 GMT-0800 (Pacific Standard Time),Mon Dec 21 2020 20:15:56 GMT-0800 (Pacific Standard Time),6,1,0,5971,7,82
415,Thu Dec 10 2020 20:15:56 GMT-0800 (Pacific Standard Time),Sun Dec 13 2020 20:15:56 GMT-0800 (Pacific Standard Time),1,8,1,1954,8,992
479,Wed Dec 09 2020 20:15:56 GMT-0800 (Pacific Standard Time),Mon Dec 14 2020 20:15:56 GMT-0800 (Pacific Standard Time),1,1,1,2610,9,313
562,Sun Dec 06 2020 20:15:56 GMT-0800 (Pacific Standard Time),Mon Dec 07 2020 20:15:56 GMT-0800 (Pacific Standard Time),7,1,2,3954,10,902
114,Tue Dec 08 2020 20:15:56 GMT-0800 (Pacific Standard Time),Tue Dec 15 2020 20:15:56 GMT-0800 (Pacific Standard Time),11,1,0,850,3,797
182,Sat Dec 05 2020 20:15:56 GMT-0800 (Pacific Standard Time),Mon Dec 21 2020 20:15:56 GMT-0800 (Pacific Standard Time),1,1,1,518,4,523
332,Mon Dec 07 2020 20:15:56 GMT-0800 (Pacific Standard Time),Fri Dec 25 2020 20:15:56 GMT-0800 (Pacific Standard Time),6,1,0,4011,7,556
416,Sun Dec 06 2020 20:15:56 GMT-0800 (Pacific Standard Time),Sat Dec 12 2020 20:15:56 GMT-0800 (Pacific Standard Time),1,1,1,1716,8,856
480,Sun Dec 06 2020 20:15:56 GMT-0800 (Pacific Standard Time),Sat Dec 12 2020 20:15:56 GMT-0800 (Pacific Standard Time),3,1,0,702,9,872
563,Wed Dec 09 2020 20:15:56 GMT-0800 (Pacific Standard Time),Thu Dec 10 2020 20:15:56 GMT-0800 (Pacific Standard Time),8,2,1,4711,10,61
115,Wed Dec 09 2020 20:15:56 GMT-0800 (Pacific Standard Time),Fri Dec 11 2020 20:15:56 GMT-0800 (Pacific Standard Time),1,2,7,580,3,235
183,Sat Dec 05 2020 20:15:56 GMT-0800 (Pacific Standard Time),Tue Dec 22 2020 20:15:56 GMT-0800 (Pacific Standard Time),1,2,1,1934,4,124
333,Sun Dec 06 2020 20:15:56 GMT-0800 (Pacific Standard Time),Sun Dec 20 2020 20:15:56 GMT-0800 (Pacific Standard Time),2,1,1,1267,7,593
417,Sat Dec 05 2020 20:15:56 GMT-0800 (Pacific Standard Time),Fri Dec 11 2020 20:15:56 GMT-0800 (Pacific Standard Time),1,3,1,1002,8,323
481,Sat Dec 05 2020 20:15:56 GMT-0800 (Pacific Standard Time),Mon Dec 07 2020 20:15:56 GMT-0800 (Pacific Standard Time),2,1,1,1974,9,148
564,Sun Dec 06 2020 20:15:56 GMT-0800 (Pacific Standard Time),Thu Dec 10 2020 20:15:56 GMT-0800 (Pacific Standard Time),8,3,1,3954,10,87
116,Sat Dec 05 2020 20:15:56 GMT-0800 (Pacific Standard Time),Sat Dec 12 2020 20:15:56 GMT-0800 (Pacific Standard Time),11,1,0,418,3,942
184,Thu Dec 10 2020 20:15:56 GMT-0800 (Pacific Standard Time),Sat Dec 26 2020 20:15:56 GMT-0800 (Pacific Standard Time),1,2,1,3586,4,11
334,Sat Dec 05 2020 20:15:56 GMT-0800 (Pacific Standard Time),Thu Dec 17 2020 20:15:56 GMT-0800 (Pacific Standard Time),6,1,0,7931,7,69
418,Sun Dec 06 2020 20:15:56 GMT-0800 (Pacific Standard Time),Thu Dec 10 2020 20:15:56 GMT-0800 (Pacific Standard Time),2,4,1,1478,8,714
482,Sun Dec 06 2020 20:15:56 GMT-0800 (Pacific Standard Time),Tue Dec 08 2020 20:15:56 GMT-0800 (Pacific Standard Time),2,1,1,3882,9,9
565,Sun Dec 06 2020 20:15:56 GMT-0800 (Pacific Standard Time),Wed Dec 09 2020 20:15:56 GMT-0800 (Pacific Standard Time),5,5,1,2440,10,254
117,Wed Dec 09 2020 20:15:56 GMT-0800 (Pacific Standard Time),Tue Dec 15 2020 20:15:56 GMT-0800 (Pacific Standard Time),10,1,1,526,3,242
185,Wed Dec 09 2020 20:15:56 GMT-0800 (Pacific Standard Time),Mon Dec 28 2020 20:15:56 GMT-0800 (Pacific Standard Time),3,1,0,4294,4,482
335,Sun Dec 06 2020 20:15:56 GMT-0800 (Pacific Standard Time),Sat Dec 19 2020 20:15:56 GMT-0800 (Pacific Standard Time),4,1,1,1267,7,371
419,Wed Dec 09 2020 20:15:56 GMT-0800 (Pacific Standard Time),Wed Dec 16 2020 20:15:56 GMT-0800 (Pacific Standard Time),6,3,1,764,8,440
483,Wed Dec 09 2020 20:15:56 GMT-0800 (Pacific Standard Time),Sat Dec 12 2020 20:15:56 GMT-0800 (Pacific Standard Time),3,1,0,2610,9,721
566,Wed Dec 09 2020 20:15:56 GMT-0800 (Pacific Standard Time),Fri Dec 11 2020 20:15:56 GMT-0800 (Pacific Standard Time),3,8,1,3197,10,4482,Sun Dec 06 2020 20:15:56 GMT-0800 (Pacific Standard Time),Tue Dec 08 2020 20:15:56 GMT-0800 (Pacific Standard Time),2,1,1,3882,9,9
565,Sun Dec 06 2020 20:15:56 GMT-0800 (Pacific Standard Time),Wed Dec 09 2020 20:15:56 GMT-0800 (Pacific Standard Time),5,5,1,2440,10,254
117,Wed Dec 09 2020 20:15:56 GMT-0800 (Pacific Standard Time),Tue Dec 15 2020 20:15:56 GMT-0800 (Pacific Standard Time),10,1,1,526,3,242
185,Wed Dec 09 2020 20:15:56 GMT-0800 (Pacific Standard Time),Mon Dec 28 2020 20:15:56 GMT-0800 (Pacific Standard Time),3,1,0,4294,4,482
335,Sun Dec 06 2020 20:15:56 GMT-0800 (Pacific Standard Time),Sat Dec 19 2020 20:15:56 GMT-0800 (Pacific Standard Time),4,1,1,1267,7,371
419,Wed Dec 09 2020 20:15:56 GMT-0800 (Pacific Standard Time),Wed Dec 16 2020 20:15:56 GMT-0800 (Pacific Standard Time),6,3,1,764,8,440
483,Wed Dec 09 2020 20:15:56 GMT-0800 (Pacific Standard Time),Sat Dec 12 2020 20:15:56 GMT-0800 (Pacific Standard Time),3,1,0,2610,9,721
566,Wed Dec 09 2020 20:15:56 GMT-0800 (Pacific Standard Time),Fri Dec 11 2020 20:15:56 GMT-0800 (Pacific Standard Time),3,8,1,3197,10,440
118,Thu Dec 10 2020 20:15:56 GMT-0800 (Pacific Standard Time),Mon Dec 21 2020 20:15:56 GMT-0800 (Pacific Standard Time),6,3,1,796,3,909
186,Sun Dec 06 2020 20:15:56 GMT-0800 (Pacific Standard Time),Thu Dec 17 2020 20:15:56 GMT-0800 (Pacific Standard Time),2,1,1,754,4,239
336,Wed Dec 09 2020 20:15:56 GMT-0800 (Pacific Standard Time),Mon Dec 14 2020 20:15:56 GMT-0800 (Pacific Standard Time),3,1,2,5971,7,777
420,Mon Dec 07 2020 20:15:56 GMT-0800 (Pacific Standard Time),Sun Dec 13 2020 20:15:56 GMT-0800 (Pacific Standard Time),9,1,0,1954,8,960
484,Sun Dec 06 2020 20:15:56 GMT-0800 (Pacific Standard Time),Tue Dec 08 2020 20:15:56 GMT-0800 (Pacific Standard Time),3,1,0,3882,9,706
567,Sun Dec 06 2020 20:15:56 GMT-0800 (Pacific Standard Time),Sat Dec 12 2020 20:15:56 GMT-0800 (Pacific Standard Time),10,1,1,1683,10,586
119,Mon Dec 07 2020 20:15:56 GMT-0800 (Pacific Standard Time),Wed Dec 09 2020 20:15:56 GMT-0800 (Pacific Standard Time),3,2,1,472,3,938
187,Wed Dec 09 2020 20:15:56 GMT-0800 (Pacific Standard Time),Thu Dec 17 2020 20:15:56 GMT-0800 (Pacific Standard Time),3,1,0,3822,4,549
337,Sat Dec 05 2020 20:15:56 GMT-0800 (Pacific Standard Time),Wed Dec 09 2020 20:15:56 GMT-0800 (Pacific Standard Time),1,2,2,875,7,41
421,Mon Dec 07 2020 20:15:56 GMT-0800 (Pacific Standard Time),Tue Dec 08 2020 20:15:56 GMT-0800 (Pacific Standard Time),4,3,1,1240,8,599
485,Sun Dec 06 2020 20:15:56 GMT-0800 (Pacific Standard Time),Mon Dec 07 2020 20:15:56 GMT-0800 (Pacific Standard Time),2,1,1,3246,9,836
568,Sun Dec 06 2020 20:15:56 GMT-0800 (Pacific Standard Time),Sat Dec 12 2020 20:15:56 GMT-0800 (Pacific Standard Time),11,1,0,3954,10,112
120,Fri Dec 11 2020 20:15:56 GMT-0800 (Pacific Standard Time),Tue Dec 15 2020 20:15:56 GMT-0800 (Pacific Standard Time),9,2,1,580,3,778
188,Fri Dec 11 2020 20:15:56 GMT-0800 (Pacific Standard Time),Tue Dec 22 2020 20:15:56 GMT-0800 (Pacific Standard Time),2,1,1,518,4,935
338,Mon Dec 07 2020 20:15:56 GMT-0800 (Pacific Standard Time),Mon Dec 14 2020 20:15:56 GMT-0800 (Pacific Standard Time),4,1,1,4795,7,380
422,Fri Dec 11 2020 20:15:56 GMT-0800 (Pacific Standard Time),Sat Dec 19 2020 20:15:56 GMT-0800 (Pacific Standard Time),7,1,1,288,8,820
486,Tue Dec 08 2020 20:15:56 GMT-0800 (Pacific Standard Time),Sun Dec 13 2020 20:15:56 GMT-0800 (Pacific Standard Time),3,1,0,3246,9,257
121,Mon Dec 07 2020 20:15:56 GMT-0800 (Pacific Standard Time),Sun Dec 13 2020 20:15:56 GMT-0800 (Pacific Standard Time),2,4,3,796,3,452
189,Thu Dec 10 2020 20:15:56 GMT-0800 (Pacific Standard Time),Sun Dec 27 2020 20:15:56 GMT-0800 (Pacific Standard Time),1,1,1,990,4,682
339,Tue Dec 08 2020 20:15:56 GMT-0800 (Pacific Standard Time),Sat Dec 12 2020 20:15:56 GMT-0800 (Pacific Standard Time),6,1,0,4011,7,461
423,Mon Dec 07 2020 20:15:56 GMT-0800 (Pacific Standard Time),Mon Dec 14 2020 20:15:56 GMT-0800 (Pacific Standard Time),9,1,0,1478,8,292
487,Thu Dec 10 2020 20:15:56 GMT-0800 (Pacific Standard Time),Fri Dec 11 2020 20:15:56 GMT-0800 (Pacific Standard Time),2,1,1,2610,9,129
122,Fri Dec 11 2020 20:15:56 GMT-0800 (Pacific Standard Time),Tue Dec 22 2020 20:15:56 GMT-0800 (Pacific Standard Time),10,1,1,256,3,714
190,Sat Dec 05 2020 20:15:56 GMT-0800 (Pacific Standard Time),Fri Dec 11 2020 20:15:56 GMT-0800 (Pacific Standard Time),3,1,0,518,4,660
340,Sat Dec 05 2020 20:15:56 GMT-0800 (Pacific Standard Time),Sun Dec 13 2020 20:15:56 GMT-0800 (Pacific Standard Time),4,2,1,5187,7,695
424,Sun Dec 06 2020 20:15:56 GMT-0800 (Pacific Standard Time),Mon Dec 14 2020 20:15:56 GMT-0800 (Pacific Standard Time),3,4,2,764,8,207
488,Wed Dec 09 2020 20:15:56 GMT-0800 (Pacific Standard Time),Sat Dec 12 2020 20:15:56 GMT-0800 (Pacific Standard Time),3,1,0,1338,9,594
123,Sun Dec 06 2020 20:15:56 GMT-0800 (Pacific Standard Time),Thu Dec 10 2020 20:15:56 GMT-0800 (Pacific Standard Time),1,2,1,850,3,836
191,Tue Dec 08 2020 20:15:56 GMT-0800 (Pacific Standard Time),Sun Dec 27 2020 20:15:56 GMT-0800 (Pacific Standard Time),1,1,1,4530,4,811
341,Thu Dec 10 2020 20:15:56 GMT-0800 (Pacific Standard Time),Tue Dec 15 2020 20:15:56 GMT-0800 (Pacific Standard Time),5,1,1,7147,7,853
425,Fri Dec 11 2020 20:15:56 GMT-0800 (Pacific Standard Time),Tue Dec 15 2020 20:15:56 GMT-0800 (Pacific Standard Time),5,4,1,1954,8,603
489,Fri Dec 11 2020 20:15:56 GMT-0800 (Pacific Standard Time),Sun Dec 13 2020 20:15:56 GMT-0800 (Pacific Standard Time),2,1,1,1338,9,997
124,Fri Dec 11 2020 20:15:56 GMT-0800 (Pacific Standard Time),Mon Dec 21 2020 20:15:56 GMT-0800 (Pacific Standard Time),3,3,5,364,3,313
192,Tue Dec 08 2020 20:15:56 GMT-0800 (Pacific Standard Time),Sun Dec 20 2020 20:15:56 GMT-0800 (Pacific Standard Time),1,2,1,2406,4,643
342,Tue Dec 08 2020 20:15:56 GMT-0800 (Pacific Standard Time),Wed Dec 23 2020 20:15:56 GMT-0800 (Pacific Standard Time),2,1,3,7931,7,68
490,Wed Dec 09 2020 20:15:56 GMT-0800 (Pacific Standard Time),Sun Dec 13 2020 20:15:56 GMT-0800 (Pacific Standard Time),1,1,1,702,9,149
125,Mon Dec 07 2020 20:15:56 GMT-0800 (Pacific Standard Time),Sat Dec 19 2020 20:15:56 GMT-0800 (Pacific Standard Time),9,2,1,742,3,792
193,Fri Dec 11 2020 20:15:56 GMT-0800 (Pacific Standard Time),Wed Dec 23 2020 20:15:56 GMT-0800 (Pacific Standard Time),3,1,0,518,4,23
343,Fri Dec 11 2020 20:15:56 GMT-0800 (Pacific Standard Time),Wed Dec 23 2020 20:15:56 GMT-0800 (Pacific Standard Time),4,2,1,7539,7,822
491,Wed Dec 09 2020 20:15:56 GMT-0800 (Pacific Standard Time),Thu Dec 10 2020 20:15:56 GMT-0800 (Pacific Standard Time),3,1,0,1974,9,828
126,Wed Dec 09 2020 20:15:56 GMT-0800 (Pacific Standard Time),Wed Dec 23 2020 20:15:56 GMT-0800 (Pacific Standard Time),3,6,2,418,3,399
194,Wed Dec 09 2020 20:15:56 GMT-0800 (Pacific Standard Time),Sun Dec 27 2020 20:15:56 GMT-0800 (Pacific Standard Time),3,1,0,1934,4,225
344,Wed Dec 09 2020 20:15:56 GMT-0800 (Pacific Standard Time),Tue Dec 15 2020 20:15:56 GMT-0800 (Pacific Standard Time),5,1,1,2443,7,25
492,Mon Dec 07 2020 20:15:56 GMT-0800 (Pacific Standard Time),Thu Dec 10 2020 20:15:56 GMT-0800 (Pacific Standard Time),1,2,1,1338,9,31
127,Tue Dec 08 2020 20:15:56 GMT-0800 (Pacific Standard Time),Wed Dec 16 2020 20:15:56 GMT-0800 (Pacific Standard Time),9,1,1,256,3,811
195,Fri Dec 11 2020 20:15:56 GMT-0800 (Pacific Standard Time),Wed Dec 23 2020 20:15:56 GMT-0800 (Pacific Standard Time),1,2,1,2406,4,686
345,Mon Dec 07 2020 20:15:56 GMT-0800 (Pacific Standard Time),Mon Dec 14 2020 20:15:56 GMT-0800 (Pacific Standard Time),2,3,1,4011,7,798
493,Tue Dec 08 2020 20:15:56 GMT-0800 (Pacific Standard Time),Sun Dec 13 2020 20:15:56 GMT-0800 (Pacific Standard Time),3,1,0,1338,9,172
196,Thu Dec 10 2020 20:15:56 GMT-0800 (Pacific Standard Time),Sat Dec 19 2020 20:15:56 GMT-0800 (Pacific Standard Time),2,1,1,3586,4,693
346,Thu Dec 10 2020 20:15:56 GMT-0800 (Pacific Standard Time),Tue Dec 15 2020 20:15:56 GMT-0800 (Pacific Standard Time),3,2,1,7539,7,897
494,Wed Dec 09 2020 20:15:56 GMT-0800 (Pacific Standard Time),Tue Dec 15 2020 20:15:56 GMT-0800 (Pacific Standard Time),2,1,1,1338,9,805
197,Fri Dec 11 2020 20:15:56 GMT-0800 (Pacific Standard Time),Sun Dec 27 2020 20:15:56 GMT-0800 (Pacific Standard Time),3,1,0,1462,4,240
347,Sat Dec 05 2020 20:15:56 GMT-0800 (Pacific Standard Time),Sun Dec 20 2020 20:15:56 GMT-0800 (Pacific Standard Time),5,1,1,2443,7,618
495,Tue Dec 08 2020 20:15:56 GMT-0800 (Pacific Standard Time),Thu Dec 10 2020 20:15:56 GMT-0800 (Pacific Standard Time),2,1,1,3246,9,633
198,Sat Dec 05 2020 20:15:56 GMT-0800 (Pacific Standard Time),Wed Dec 16 2020 20:15:56 GMT-0800 (Pacific Standard Time),1,2,1,3822,4,810
348,Mon Dec 07 2020 20:15:56 GMT-0800 (Pacific Standard Time),Wed Dec 16 2020 20:15:56 GMT-0800 (Pacific Standard Time),6,1,0,2051,7,216
496,Tue Dec 08 2020 20:15:56 GMT-0800 (Pacific Standard Time),Sun Dec 13 2020 20:15:56 GMT-0800 (Pacific Standard Time),2,1,1,3246,9,1
199,Sat Dec 05 2020 20:15:56 GMT-0800 (Pacific Standard Time),Thu Dec 10 2020 20:15:56 GMT-0800 (Pacific Standard Time),1,2,1,3586,4,400
349,Sat Dec 05 2020 20:15:56 GMT-0800 (Pacific Standard Time),Wed Dec 23 2020 20:15:56 GMT-0800 (Pacific Standard Time),1,5,1,5579,7,328
497,Tue Dec 08 2020 20:15:56 GMT-0800 (Pacific Standard Time),Fri Dec 11 2020 20:15:56 GMT-0800 (Pacific Standard Time),2,1,1,3246,9,351
200,Fri Dec 11 2020 20:15:56 GMT-0800 (Pacific Standard Time),Sun Dec 27 2020 20:15:56 GMT-0800 (Pacific Standard Time),1,2,1,1462,4,627
350,Wed Dec 09 2020 20:15:56 GMT-0800 (Pacific Standard Time),Thu Dec 24 2020 20:15:56 GMT-0800 (Pacific Standard Time),2,3,1,3619,7,770
498,Wed Dec 09 2020 20:15:56 GMT-0800 (Pacific Standard Time),Sun Dec 13 2020 20:15:56 GMT-0800 (Pacific Standard Time),3,1,0,3246,9,780
351,Thu Dec 10 2020 20:15:56 GMT-0800 (Pacific Standard Time),Sun Dec 20 2020 20:15:56 GMT-0800 (Pacific Standard Time),3,2,1,7931,7,503
499,Wed Dec 09 2020 20:15:56 GMT-0800 (Pacific Standard Time),Sat Dec 12 2020 20:15:56 GMT-0800 (Pacific Standard Time),1,2,1,2610,9,180
352,Sun Dec 06 2020 20:15:56 GMT-0800 (Pacific Standard Time),Sat Dec 19 2020 20:15:56 GMT-0800 (Pacific Standard Time),5,1,1,3619,7,68
500,Tue Dec 08 2020 20:15:56 GMT-0800 (Pacific Standard Time),Wed Dec 09 2020 20:15:56 GMT-0800 (Pacific Standard Time),3,1,0,3246,9,490
353,Tue Dec 08 2020 20:15:56 GMT-0800 (Pacific Standard Time),Mon Dec 28 2020 20:15:56 GMT-0800 (Pacific Standard Time),2,2,1,5971,7,21
501,Wed Dec 09 2020 20:15:56 GMT-0800 (Pacific Standard Time),Tue Dec 15 2020 20:15:56 GMT-0800 (Pacific Standard Time),1,1,1,1338,9,93
354,Sun Dec 06 2020 20:15:56 GMT-0800 (Pacific Standard Time),Thu Dec 10 2020 20:15:56 GMT-0800 (Pacific Standard Time),3,3,1,6363,7,591
502,Mon Dec 07 2020 20:15:56 GMT-0800 (Pacific Standard Time),Tue Dec 08 2020 20:15:56 GMT-0800 (Pacific Standard Time),1,2,1,2610,9,601
355,Thu Dec 10 2020 20:15:56 GMT-0800 (Pacific Standard Time),Fri Dec 18 2020 20:15:56 GMT-0800 (Pacific Standard Time),2,1,2,4403,7,842
503,Tue Dec 08 2020 20:15:56 GMT-0800 (Pacific Standard Time),Wed Dec 09 2020 20:15:56 GMT-0800 (Pacific Standard Time),3,1,0,3882,9,64
356,Thu Dec 10 2020 20:15:56 GMT-0800 (Pacific Standard Time),Wed Dec 23 2020 20:15:56 GMT-0800 (Pacific Standard Time),3,1,1,1267,7,778
504,Thu Dec 10 2020 20:15:56 GMT-0800 (Pacific Standard Time),Sat Dec 12 2020 20:15:56 GMT-0800 (Pacific Standard Time),1,2,1,2610,9,253
357,Wed Dec 09 2020 20:15:56 GMT-0800 (Pacific Standard Time),Sun Dec 13 2020 20:15:56 GMT-0800 (Pacific Standard Time),3,1,2,3227,7,453
505,Sun Dec 06 2020 20:15:56 GMT-0800 (Pacific Standard Time),Sat Dec 12 2020 20:15:56 GMT-0800 (Pacific Standard Time),3,1,0,2610,9,225
358,Thu Dec 10 2020 20:15:56 GMT-0800 (Pacific Standard Time),Tue Dec 29 2020 20:15:56 GMT-0800 (Pacific Standard Time),3,1,1,1267,7,45
506,Thu Dec 10 2020 20:15:56 GMT-0800 (Pacific Standard Time),Tue Dec 15 2020 20:15:56 GMT-0800 (Pacific Standard Time),2,1,1,3246,9,985
359,Mon Dec 07 2020 20:15:56 GMT-0800 (Pacific Standard Time),Thu Dec 24 2020 20:15:56 GMT-0800 (Pacific Standard Time),4,1,1,5187,7,946
507,Wed Dec 09 2020 20:15:56 GMT-0800 (Pacific Standard Time),Sat Dec 12 2020 20:15:56 GMT-0800 (Pacific Standard Time),2,1,1,3882,9,901
360,Sat Dec 05 2020 20:15:56 GMT-0800 (Pacific Standard Time),Thu Dec 10 2020 20:15:56 GMT-0800 (Pacific Standard Time),6,1,0,7931,7,669
508,Tue Dec 08 2020 20:15:56 GMT-0800 (Pacific Standard Time),Mon Dec 14 2020 20:15:56 GMT-0800 (Pacific Standard Time),1,2,1,2610,9,810
361,Mon Dec 07 2020 20:15:56 GMT-0800 (Pacific Standard Time),Sat Dec 19 2020 20:15:56 GMT-0800 (Pacific Standard Time),6,1,0,4795,7,335
 Dec 14 2020 20:15:56 GMT-0800 (Pacific Standard Time),1,2,1,2610,9,810
361,Mon Dec 07 2020 20:15:56 GMT-0800 (Pacific Standard Time),Sat Dec 19 2020 20:15:56 GMT-0800 (Pacific Standard Time),6,1,0,4795,7,335
