id,name
1,Barry Mayert
2,Nina Lang
3,Hope Konopelski
4,Loretta Shanahan
5,Lena Koelpin PhD
6,Jean Lakin
7,Ms. Kathy Graham
8,Luz Kovacek
9,Stuart Kautzer
10,Walter Feil
11,Scott Grant III
12,Kathryn Baumbach
13,Tom Volkman
14,Heather Denesik
15,Toby McClure
16,Andres Hansen
17,Greg Nicolas
18,Lisa Wunsch
19,Randall Jast
20,Tami Hilll
21,Karl Krajcik
22,Penny Green
23,Rudy DuBuque
24,Owen Jerde
25,Nadine Morissette
26,Jaime Lockman
27,Orlando Steuber
28,Cornelius Hackett
29,Valerie Kuhic
30,Cristina Hagenes II
31,Nadine Runolfsson
32,Julian Bartell
33,Mrs. Herman Cronin
34,Colleen Stehr IV
35,Joshua Bayer
36,Kenny Jacobson DDS
37,Jacob Kiehn
38,Roxanne Jaskolski
39,Nina Schoen
40,Drew Gibson
41,Shelly Trantow
42,Sergio Emmerich
43,Janis Doyle
44,Sammy Pollich
45,Carolyn Pfeffer PhD
46,Yolanda Gislason
47,Elijah Dickinson
48,Vivian Johnson
49,Marion Lakin
50,Dr. Janet Senger
51,Brooke Kohler
52,Elsie Hilpert
53,Ella Leuschke
54,Bertha Ritchie
55,Meghan Schoen
56,Darren Bartell
57,Ms. Monique Raynor
58,Freddie Smith V
59,Hector Jaskolski
60,Courtney Thompson
61,Holly Steuber
62,Herman Runte
63,Mr. Christine Watsica
64,Kerry Roberts
65,Marguerite Daniel
66,Kirk Murray
67,Randall Beahan
68,Angel Ritchie
69,Esther Wilkinson
70,Holly Osinski
71,Angel Kerluke
72,Yvonne Lehner
73,Alfred Hackett
74,Elmer Cronin
75,Jackie Thompson
76,Dr. Susan Senger
77,Erick Ortiz
78,Vickie Crist DVM
79,Alexis Jenkins
80,Cora Bergnaum
81,Mr. Richard Grady
82,Betty Breitenberg
83,Christopher Gutmann
84,Anthony Raynor
85,Rosalie Larkin
86,Jonathon Zboncak
87,Elijah Erdman
88,Maureen Hegmann
89,Gabriel Gulgowski
90,Elena Abernathy
91,Matt Feil
92,Kathy Swaniawski
93,Gabriel Marks DVM
94,Peggy Botsford
95,Miss Eileen Gusikowski
96,Ellis Feest
97,Eula Torphy
98,Mrs. Bridget Funk
99,Susan Crooks
100,Rufus Hauck
101,Cecil Marquardt
102,Wilfred King
103,Jamie Torphy
104,Debbie Altenwerth
105,Leroy Turcotte
106,Taylor Stark
107,Clayton Tremblay
108,Jordan Haley
109,Tonya Terry
110,Robert Langworth
111,Andy Goodwin II
112,Mr. Juanita Kreiger
113,Robin Homenick
114,Mercedes Gusikowski
115,Dr. Corey Schinner
116,Van Volkman
117,Annie Rath
118,Joy Bosco III
119,Josefina Welch
120,Charles Howe
121,Rudy Zboncak
122,Lucas Frami
123,Gabriel Shanahan
124,Lewis Swaniawski
125,Ruth Klocko
126,Forrest Abshire
127,Cassandra Lockman
128,Earl O'Kon
129,Lowell Miller
130,Eric Crooks I
131,Owen Littel
132,Christopher Bartell
133,Sherman Bailey
134,Maurice Jaskolski
135,Raymond McDermott
136,Freda Dibbert Sr.
137,Miss Rene Goodwin
138,Lula Wunsch
139,Stephanie Heathcote
140,Laurie Bednar
141,Miss Stacey Collier
142,Tom Stamm
143,Al Casper
144,Franklin Nikolaus
145,Ms. Norman Kovacek
146,Cedric Zboncak
147,Sadie Stark
148,Ms. Rose Greenfelder
149,Betty Kuhic
150,Erika Herzog DVM
151,Maria Haley
152,Kim Hermann DDS
153,Edmund Blick
154,Jeff Hirthe
155,Lori Lowe
156,Eduardo Reichert
157,Guillermo Hickle
158,Gayle McGlynn
159,Jenna Ankunding
160,May Baumbach PhD
161,Ellis Baumbach MD
162,Michele Cummings
163,Roy Gerlach I
164,Pat Armstrong
165,Daniel Bartell
166,Gilbert McClure
167,Byron Upton
168,Mrs. Mona Leffler
169,Charlie Price
170,Lynda Dickens
171,Laura Trantow
172,Jeremiah Hayes
173,James Hodkiewicz
174,Elena Fay
175,Paulette Nitzsche
176,Nichole Armstrong III
177,Noel Wilderman
178,Matt Dietrich
179,Mr. Bradley Swift
180,Sheldon Pfannerstill
181,Bernard Gottlieb
182,Winifred Thiel
183,Pat Dietrich
184,Ida Haley
185,Melanie Little
186,Jenny Ullrich
187,Taylor Gerlach
188,Earnest Mann IV
189,Loren Cruickshank
190,Lance Schulist
191,Adrian Marquardt
192,Robin Crooks
193,Kristy King
194,Isabel Schowalter
195,Eloise Bednar
196,Myrtle Mills
197,Mario Dach
198,Wendy Hickle
199,Katherine Cormier
200,Brandy Runolfsson
201,Dr. Candice Bruen
202,Stella Dach
203,Steven Hansen
204,Lee Grady
205,Ellen Keebler
206,Kate Welch
207,Spencer Lueilwitz
208,Maureen Conn
209,Rickey Toy
210,Rolando Kiehn
211,Tracy Goodwin
212,Emanuel Thiel
213,Helen Dibbert
214,Sue Runolfsdottir
215,Harry Kulas
216,Brad Homenick
217,Miss Clyde Paucek
218,Isabel Schimmel II
219,Mr. Iris VonRueden
220,Charles Kuphal
221,Juan Streich
222,Felipe Gibson
223,Dominic Schumm
224,Ms. Evelyn Gulgowski
225,Tabitha Hoppe
226,Charlene Okuneva
227,Jo Feeney
228,Sylvester Smith
229,Michael Torphy
230,Rhonda Thiel
231,Patty Jaskolski
232,Lillian Larson Sr.
233,Alfonso Reilly
234,Amanda Bruen I
235,Robin Torp
236,Ms. Shawn Stracke
237,Shelia Towne
238,Christie Emard
239,Hattie Leannon
240,Derek Wunsch
241,Laverne Terry
242,Wade Kulas
243,Jordan Ritchie
244,Raquel Lueilwitz
245,Kellie Rau Sr.
246,Albert Lakin IV
247,Jeanne Mosciski
248,Gregory Weimann
249,Della Abshire
250,Jamie Langworth
251,Sherman Kiehn III
252,Dr. Richard Gorczany
253,Martha Goyette
254,Shelley Bogisich
255,Arthur Buckridge
256,Paula Pollich
257,Edgar Ferry
258,Carlton Wintheiser
259,Rose Harber
260,Billy Stiedemann
261,Tami Watsica
262,Sadie Hilll
263,Paulette West
264,Kari Fay
265,Rodolfo Wunsch
266,Jeremy Tremblay
267,Christie Boyer
268,Mr. Brad DuBuque
269,Nettie Koch
270,Jodi Reynolds
271,Brad Hammes
272,Dr. Marty Johnson
273,Gladys Erdman
274,Bennie O'Reilly
275,Wilbert Streich
276,Sergio Gaylord DDS
277,Lauren Goldner
278,Joanne Casper Jr.
279,Rosemary Gusikowski
280,Stacey Haley
281,Van Lueilwitz DDS
282,Tricia Satterfield
283,Alvin O'Connell
284,Clark Roob
285,Mr. Stella Pouros
286,Jasmine Fisher
287,Roosevelt Hegmann I
288,Clay Jaskolski
289,Chris Gutkowski Jr.
290,Dr. Frances Ratke
291,Edgar Goodwin
292,Elmer Mertz
293,Hannah Dach
294,Ms. Danielle Doyle
295,Jessie Rodriguez
296,Bryant Monahan
297,Hannah Waelchi DVM
298,Mildred Sanford
299,Johnny Wisozk
300,Rudy Kiehn
301,Irvin Bosco
302,Mabel Armstrong
303,Phyllis Metz
304,Pat Kling
305,Wayne Gaylord MD
306,Frances Kovacek
307,Blanca Bergstrom Sr.
308,Mrs. Lana Padberg
309,Howard Haag
310,Ms. James Gorczany
311,Mack Medhurst
312,Devin Herman
313,Al Wolf
314,Howard Sauer
315,Cristina Runte
316,Marco Abshire
317,Norman Reichel
318,Kayla Rosenbaum
319,Roman Ondricka
320,Emma Haag III
321,Kim Ernser
322,Barbara O'Hara
323,Mrs. Malcolm Abshire
324,Doyle Klein
325,Estelle Ullrich
326,Alfred Wiza
327,Colin Kuhlman
328,Dewey Reynolds
329,Bryant Medhurst
330,Margie Schmitt
331,Steven Rutherford
332,Luis Thompson
333,Geneva Brakus
334,Tomas Shields
335,Irvin Hyatt MD
336,Allan Simonis
337,Frederick Pfannerstill
338,Kyle Stamm II
339,Mark Murphy
340,Dennis Bernier
341,Kayla Blanda
342,Leona Swaniawski
343,Javier Wintheiser
344,Erika Larkin
345,Matt Hayes
346,Ashley Mills
347,Leroy Langosh
348,Ian King V
349,Allan Stroman
350,William Langworth
351,Fernando Bergstrom
352,Mr. Lawrence West
353,Elsie Herman
354,Marlon Jacobson
355,Benny Dooley
356,Lauren Pouros
357,Veronica Stokes
358,Mr. Bessie Mills
359,Roderick Zboncak
360,Joel Rutherford
361,Alicia Murphy I
362,Jorge Von V
363,Sherry Medhurst
364,Justin Carroll
365,Kendra Mills
366,Clara Abernathy
367,Lillian McClure
368,Sonja Kerluke
369,Vera Pfeffer
370,Jeffrey Boyer
371,Miss Kara Keeling
372,Inez Breitenberg
373,Stewart Mueller
374,Ms. Doug Kuhn
375,Lamar Christiansen
376,Jenny Hoppe
377,Lydia Franecki
378,Rochelle O'Kon
379,Edwin Metz
380,Glenda Bailey
381,Heather Kihn
382,Tommy Mitchell
383,Mrs. Neal Rogahn
384,Ms. Erika Dietrich
385,Andre Lemke
386,Cora Gleason
387,Josefina Ziemann
388,Tricia Kuhic
389,Frederick Jakubowski
390,Darren Stamm
391,Howard Frami
392,Rosemary Hackett
393,Denise Willms
394,Stephanie Will
395,Eric Nikolaus
396,Jody Macejkovic
397,Trevor Wilderman
398,Rene Hansen
399,Clifton Pfeffer
400,Joanne Larson
401,Delores Glover
402,Claudia Sawayn
403,Clark Feeney
404,Miss Sam Gislason
405,Mario Bernier
406,Felix Morissette
407,Micheal Mills
408,Bruce Cassin
409,Kevin Pacocha
410,Erik Streich
411,Gloria Keeling
412,Ms. Edith Ratke
413,Marianne Adams
414,Ginger Hudson
415,Raymond Cummerata
416,Joy Flatley
417,Raquel Rempel
418,Ervin Dare
419,Karl West
420,Patrick Ondricka
421,Matthew Ullrich
422,Candace Lang
423,Marcos Kihn
424,Matthew Nitzsche
425,Connie Upton MD
426,Mr. Louise Cassin
427,Opal Kuhic
428,Dr. Nellie Donnelly
429,Rhonda Ritchie Sr.
430,Natasha Hamill
431,Miss Rosalie Spencer
432,Julian Rice
433,Francisco Weissnat
434,Crystal McLaughlin
435,Jaime Dicki
436,Miriam Kertzmann
437,Van Collins
438,Miss Julius Swift
439,Naomi Emmerich
440,Charlotte Parisian MD
441,Elias Brown
442,Kari Friesen
443,Manuel Gutkowski
444,Miss Wendy Hahn
445,Miss Dorothy Oberbrunner
446,Louise Ward PhD
447,Jeannette Rohan
448,Jacob Mertz
449,Leigh Kub
450,May Rice
451,Celia Schoen
452,Beulah Kertzmann
453,Taylor Hickle
454,Angelica Kilback
455,Jerald Balistreri
456,Frankie Luettgen
457,Colleen Ferry
458,Jeremiah Grimes
459,Cecil Rutherford
460,Oliver Gibson
461,Willard Emard
462,Ivan Schmeler
463,Brandi Heidenreich
464,Marcella Block
465,Keith Treutel
466,Clara Mohr
467,Jimmy Greenholt
468,Anne Langworth
469,Krystal White
470,Darin Murazik
471,Freda Lueilwitz
472,Perry Smitham
473,Joshua Auer
474,Deanna Gottlieb DVM
475,Robin Borer
476,Jane Hamill
477,Isabel Mraz
478,Oliver McGlynn PhD
479,Patricia Medhurst
480,Lucy Leffler V
481,Ms. Claude Schroeder
482,Colin Hamill
483,Andrew Cummerata
484,Benny Schoen DVM
485,Vicki Kunde
486,Alison Haley
487,Andrea Collier
488,Katie Turner
489,Lila Bayer
490,Tracy Armstrong
491,Laura Parker
492,Joe Cremin
493,Brad Sanford
494,Terence Rolfson
495,Harold Lakin
496,Erma Corwin
497,Angel Muller DDS
498,Cora McKenzie
499,Joshua O'Keefe IV
500,Miss Margarita Gusikowski
501,Edmund Heidenreich
502,Dale Barrows
503,Angelica Hilpert
504,Shirley Kerluke
505,Mildred Homenick
506,Renee Lang
507,Dianne Ullrich
508,Mrs. Margarita Gleason
509,Ms. Mitchell Grimes
510,Mr. Eddie Blick
511,Vernon Mitchell
512,Christie Keebler
513,Beatrice Jerde
514,Mr. Tricia Botsford
515,Yvonne Rutherford
516,Lisa Windler
517,Tina Roberts I
518,Nathaniel Botsford
519,Melba Zieme Sr.
520,James Jones
521,Marvin Carter
522,Jeanne Tromp
523,Mrs. Lamar Jacobi
524,Myron Mitchell
525,Armando Fahey
526,Nathaniel Blick
527,Emma Fadel
528,Clinton Strosin
529,Monique Collins
530,Juanita Brekke V
531,Dr. Helen Kessler
532,Ms. Gary Brekke
533,Connie Ortiz
534,Bob Mante
535,Kate Keebler
536,Barbara Moore
537,Dr. Victoria Runte
538,Eva Ryan
539,Roxanne Effertz
540,Jenna Schoen
541,Dr. Leigh Thompson
542,Don Bartell
543,George Cronin
544,Desiree Donnelly
545,Dr. Joey Ratke
546,Malcolm Bartell
547,Heather Batz
548,Sheldon Prosacco
549,Evelyn Rice
550,Casey Christiansen
551,Francis Hegmann
552,Marc Hilpert I
553,Miss Laurence Bergnaum
554,Mathew Gottlieb
555,Alicia Ebert
556,Frederick Frami
557,Erma Corkery
558,Dr. Harvey Mills
559,Tonya King
560,Darryl Luettgen
561,Gabriel Kilback
562,Drew Kunze
563,Rosa Zemlak
564,Claude Harris
565,Mr. Juanita Watsica
566,Jerry Johns Jr.
567,Zachary Carroll
568,Mrs. Jean Smith
569,Clay Schuppe
570,Rita Leuschke
571,Bill Powlowski
572,Viola Flatley
573,Meghan Kuhn
574,Ed Bogisich
575,Owen Nicolas
576,Allan Stark
577,Martha Cummings
578,Krista Hyatt
579,Eddie Herman
580,Annette Kilback
581,Merle Bogisich
582,Bennie Shanahan
583,June Wilderman
584,Ms. Brian Goldner
585,Mr. Peter Ratke
586,Miss Corey Jerde
587,Marcella Beier
588,Shelley Rodriguez
589,Clarence Reichel
590,Arnold Rath
591,Mario Abshire
592,Dr. Omar Gerhold
593,Andrew Gislason
594,Darin Gerlach
595,Kristine Predovic
596,Pete Prosacco
597,Debbie Kohler
598,Josh Wolff
599,Melanie Lynch
600,Jan Bode
601,Abel Willms
602,Jonathan Schmitt
603,Donna Kshlerin
604,Raymond Kuhn DDS
605,Santiago Bernhard
606,Calvin Hirthe
607,Johnnie Cruickshank
608,Cody O'Connell
609,Ms. Jesus McKenzie
610,Shannon Greenfelder
611,Johnathan Brekke
612,Edwin Ryan Sr.
613,Roman Stoltenberg
614,Leon Bergnaum
615,Clinton Bailey
616,Leigh Kerluke
617,Leigh Goodwin
618,Wilbert Hudson
619,Joan Ernser
620,Daisy Vandervort III
621,Marcos Oberbrunner
622,Jason Welch
623,Miss Maggie Renner
624,Lula Schowalter
625,Darin Von
626,Douglas Herman
627,Dr. Gene Mosciski
628,Judith Connelly
629,Felicia Wilderman
630,Austin Reilly
631,Mrs. Arnold Erdman
632,Herman Bernhard DDS
633,Danny Kuhn
634,Abraham Johns
635,Lynn Hoppe MD
636,Priscilla Thompson
637,Dr. Leigh Balistreri
638,Jose Johnston
639,Casey Rohan
640,Brandi Krajcik
641,Sidney Heidenreich
642,Kenneth Beier
643,Miranda Lubowitz MD
644,Catherine Kautzer
645,Herman Schiller
646,Blake Padberg
647,Kristin Hammes
648,Mack Wolf II
649,Melba Kirlin
650,Patricia Barton
651,Wendy Koch
652,Jeannie Rosenbaum
653,Martin Langosh
654,Lance Wolf
655,Randy Ruecker
656,Ms. Van Moen
657,Wallace MacGyver
658,Vera Beer
659,Ethel Ernser
660,Mildred Morar I
661,Jennifer Leuschke IV
662,Deanna Hoeger
663,Homer Altenwerth
664,Lana Smitham
665,Arlene Bogisich
666,Ellis Romaguera
667,Olga Rippin
668,Kate D'Amore
669,Roy Blanda IV
670,Arlene Herzog
671,Lynette Keeling
672,Ana Gleichner
673,Randolph Casper
674,Mr. Rodolfo Ryan
675,Elsa Kerluke
676,Eloise Schmitt
677,Mr. Leona Larson
678,Wilson Haag
679,Abraham Larson
680,Sally Batz
681,Mrs. Colin Kshlerin
682,Miss Jonathan Robel
683,Leo Pacocha
684,Allison Zboncak
685,Thomas Schaefer
686,Emilio Renner
687,Nicholas Monahan IV
688,Sarah Haley
689,Ed Lemke
690,Kendra Rippin
691,Miss Jeanne Ebert
692,Ramon Stiedemann
693,Jennifer O'Hara
694,Christine Hoppe
695,Alexandra Langworth
696,Cristina Stanton
697,Dr. Peter Gerlach
698,Tabitha Bergstrom
699,Claude Greenfelder
700,Felipe Thiel
701,Sheldon Rippin
702,Dr. Melba Gerhold
703,Kari Kuphal
704,Van Hane
705,Elizabeth Anderson
706,Rolando Jerde
707,Kathy Friesen
708,Arturo Ebert
709,Tommy Mertz
710,Ms. Sabrina King
711,Kristina Reynolds
712,Keith Hand
713,Amy Feest
714,Clyde Kilback
715,Harriet Skiles
716,Miss Abraham Schaefer
717,Pete Luettgen
718,Miss Greg Fahey
719,Traci Sawayn
720,Diana Altenwerth
721,Maggie Schneider
722,Dr. Dolores McDermott
723,Hubert Douglas I
724,Martha Turner
725,Mack Daugherty
726,Kathy Stiedemann
727,Ruben Brakus
728,Norma Brown
729,Tony Koepp
730,Denise Gorczany
731,Ian Gislason MD
732,Vickie Mayert
733,Betty Dickens
734,Katie Bailey
735,Gilberto Champlin
736,Clinton Wilderman
737,Cynthia Stehr
738,Gina Casper
739,Franklin Lynch
740,Andrew Cummings
741,Doreen Kutch I
742,Sheryl Lang
743,Georgia Rutherford
744,Ronald Little DVM
745,Dr. Jenna Kessler
746,Malcolm Langosh
747,Josefina Pouros
748,Rogelio Predovic
749,Ira Champlin
750,Wm Hackett
751,Mrs. Gloria Murazik
752,Kirk Hessel
753,Belinda Ernser
754,Antonio Beatty
755,Marilyn Sporer
756,Caleb Schmitt
757,Lydia Parisian
758,Pedro Lockman
759,Kurt Heller
760,Francis Veum
761,Beatrice Hodkiewicz
762,Blake Blanda
763,Antonio Wolf
764,Mr. Santos Ferry
765,Christy Streich
766,Hubert Schaden
767,Bryant Wuckert
768,Ben Lehner
769,Ismael Heaney
770,Armando Yundt
771,Mrs. Jerome Bradtke
772,Gilbert Cronin
773,Juana King III
774,Kristina Buckridge MD
775,Miss Marshall Konopelski
776,Morris Hayes
777,Megan Tremblay I
778,Kay Lehner
779,Jimmy McGlynn
780,Sheldon Kuhlman
781,Sara Kirlin
782,Jordan Volkman I
783,Fredrick Rowe
784,Stephanie DuBuque
785,Hazel Gaylord
786,Wesley Stanton
787,Howard Koss
788,Dr. Miguel Carroll
789,Marsha Cormier
790,Miss Sherri Marvin
791,Janie Wilkinson
792,Wesley Simonis
793,Daniel Labadie
794,Rick Swaniawski
795,Lela Bashirian
796,Delores Schmidt Sr.
797,Ms. Pedro Baumbach
798,Claude Aufderhar
799,Reginald Aufderhar
800,Elias Stanton MD
801,Maureen Heaney
802,Joyce Beahan
803,Randy Graham
804,Christian Upton
805,Gabriel Abshire
806,Phillip Ward
807,Freddie Douglas
808,Sidney Paucek
809,Edith Stracke
810,Carroll Pollich
811,Crystal Tremblay
812,Franklin King
813,Carlton Hyatt
814,Gilbert Leuschke
815,Joshua Botsford
816,Gloria Dibbert
817,Lyle Carroll
818,Edmond Keebler V
819,Gladys Wilderman
820,Gary Wilkinson Sr.
821,Darrel Grant II
822,Tim Yundt
823,Kenneth Dach
824,Rosemarie Shanahan
825,Mr. Jasmine Monahan
826,Ms. Carlton Spinka
827,Mr. Marshall Hyatt
828,Marsha Stark
829,Mr. Kathryn Kemmer
830,Cora Orn
831,Roderick Lueilwitz
832,Jaime Fadel
833,Doug Hamill
834,Drew Dooley II
835,Hannah Schiller
836,Rodney Kuhic
837,Tonya Hintz I
838,Ron Hudson
839,Miss Cynthia Steuber
840,Edith McDermott
841,Kirk Kuhn
842,Clint White
843,Rufus Ledner
844,Raymond Hessel
845,Kayla Bins
846,Ms. Myra Schneider
847,Ms. Alice Langosh
848,Miss Donnie Ratke
849,Lynne Bogan
850,Dixie Witting
851,Miss Bryant Schaden
852,Dallas Bogan
853,Angelica Jast
854,Yvonne Goldner
855,Sean Thiel
856,Chad Kautzer
857,Christian Sawayn DVM
858,Jeanne Bednar Jr.
859,Cornelius Kertzmann
860,Cheryl Macejkovic
861,Mrs. Cathy Russel
862,Kim Wunsch
863,Sophie Hodkiewicz
864,Lola Bernhard
865,Harriet Lehner
866,Dr. Kevin Robel
867,Miriam Wehner
868,Arturo Conn
869,Jimmie Becker V
870,Terrance Maggio V
871,Mark Terry
872,Jay Jenkins
873,Nadine Wisoky
874,Natasha Rowe
875,Herbert Romaguera
876,Janie Ryan
877,Darla Marks
878,Alvin Christiansen
879,Franklin Swift
880,Dr. Beulah Corwin
881,Elisa Goyette
882,Karen Dooley
883,Pat Walter
884,Lonnie Hamill
885,Yolanda Collier
886,Joanne Rowe
887,Sophia Upton
888,Mr. Richard Walker
889,Leticia Jast
890,Kristin Paucek
891,Jonathon Predovic II
892,Percy Zboncak
893,Brent Herzog
894,Morris Bednar
895,Wade Schroeder
896,Drew Corwin
897,Harvey D'Amore
898,Kelvin O'Keefe
899,Rickey Dach DVM
900,Kathryn Halvorson
901,Ramon Kuhn
902,Jeanne Watsica I
903,Tanya Littel IV
904,Eduardo Grant
905,Ed Nitzsche
906,Hugo Daugherty
907,Nelson Crona
908,Grant Osinski
909,Jack Predovic
910,Ginger Turner
911,Miss Bradley Johnson
912,Edith Miller
913,Lowell Hudson
914,Sarah Marvin Jr.
915,Edith Lakin
916,Georgia Hills
917,Wendy Witting
918,Vanessa Hammes
919,Monica Gulgowski
920,Keith Kautzer
921,Sammy Lang V
922,Jean Shields
923,Renee Shanahan
924,Elizabeth Gleason
925,Miss Otis Huel
926,Clay Hills
927,Edmond Hintz
928,Becky Farrell IV
929,Vickie Brakus
930,Alma Schneider
931,Dr. Kerry Huel
932,Tracy Hintz
933,Frederick Daniel
934,Lamar Schiller
935,Maria Cummerata
936,Mindy Jaskolski
937,Dianna Greenfelder
938,Dianna Corwin
939,Milton Little
940,Silvia Fritsch
941,Allen Murphy
942,Frances Schaefer
943,Angelina Klein
944,Jorge Swift
945,Carrie Rempel
946,Dave Okuneva
947,Opal Schuppe Sr.
948,Maryann Kassulke
949,Emilio Howell
950,Iris Quitzon
951,Leslie Torp MD
952,Marlon Osinski
953,Willie Pagac
954,Mr. Jan Von
955,Wilbert Pouros
956,Veronica Graham
957,Gladys Borer
958,Cristina Schinner
959,Benjamin Collins
960,Fred Murphy
961,Corey Price
962,Francis Gusikowski
963,Gilberto Collins II
964,Nina Orn
965,Sonya O'Conner
966,Peggy Hayes
967,Miss Jeremy Cronin
968,Lorenzo Kuphal
969,Allan Wehner
970,Lindsay Marvin
971,Michele Waelchi
972,Gilberto Corwin
973,Heather Nicolas
974,Emily Littel
975,Shannon Bailey
976,Woodrow McGlynn
977,Gilberto Pagac
978,Ella Baumbach MD
979,Tracy Cruickshank
980,Jackie Price
981,Sammy Gerlach
982,Ms. Jeffery Mohr
983,Virginia Mante
984,Ricardo Price
985,Domingo Abshire
986,Fernando Hermann
987,Kenny Mohr
988,Julio Gutkowski
989,Roderick Bode
990,Dolores Sipes
991,Patrick Hayes
992,Ruth Ebert
993,Rhonda McKenzie
994,Judy Wisoky
995,Mr. Terry Schoen
996,Mrs. Helen Reynolds
997,Ervin Kuphal
998,Sophie Langosh
999,Lee Abbott
1000,Ben Block
